,Gene,Hit.Name,E.Value,Score,Coverage,Genome,KO
1,K03781,349_2554235747,0,1025,100,Alteromonas_macleodii_ATCC_27126,K03781
2,K03781,1510_TARA_SAMEA2622765_METAG_HBCOMCNP,0,1022,100,Alteromonas_macleodii_SAMEA2622765,K03781
3,K03781,2475_MALA_SAMN05422183_METAG_FCADMKDN,0,1022,100,Alteromonas_macleodii_SAMN05422183,K03781
4,K03781,2531_TARA_SAMEA2623155_METAG_HDJJLLJM,0,1021,100,Alteromonas_macleodii_SAMEA2623155,K03781
5,K03781,854_TARA_SAMEA2621044_METAG_JOAMDGOD,0,1021,100,Alteromonas_macleodii_SAMEA2621044,K03781
6,K03781,1399_MARD_SAMN05578452_REFG_MMP05578452,0,1021,100,Alteromonas_macleodii_SAMN05578452,K03781
7,K03781,2907_MALA_SAMN05422138_METAG_COKPJGJJ,0,1021,100,Alteromonas_macleodii_SAMN05422138,K03781
8,K03781,3347_TARA_SAMEA2623794_METAG_NBFOODCE,0,1019,100,Alteromonas_macleodii_SAMEA2623794,K03781
9,K03781,1784_TARA_SAMEA2623756_METAG_DMBINDKP,0,1019,100,Alteromonas_macleodii_SAMEA2623756,K03781
10,K03781,2953_TARA_SAMEA2623649_METAG_NIKIPLNN,0,1019,100,Alteromonas_macleodii_SAMEA2623649,K03781
11,K03781,3001_TARA_SAMEA2623314_METAG_CFMLMODN,0,1019,100,Alteromonas_macleodii_SAMEA2623314,K03781
12,K03781,621_TARA_SAMEA2622800_METAG_PLGNBFNB,0,1019,100,Alteromonas_macleodii_SAMEA2622800,K03781
13,K03781,1790_TARA_SAMEA2622733_METAG_LJOLBPGP,0,1019,100,Alteromonas_macleodii_SAMEA2622733,K03781
14,K03781,1657_TARA_SAMEA2622568_METAG_DIBMGPDO,0,1019,100,Alteromonas_macleodii_SAMEA2622568,K03781
15,K03781,3636_TARA_SAMEA2622545_METAG_KEGJKDAO,0,1019,100,Alteromonas_macleodii_SAMEA2622545,K03781
16,K03781,845_TARA_SAMEA2622499_METAG_AGKMCDCN,0,1019,100,Alteromonas_macleodii_SAMEA2622499,K03781
17,K03781,1177_TARA_SAMEA2622478_METAG_OEBMNELG,0,1019,100,Alteromonas_macleodii_SAMEA2622478,K03781
18,K03781,170_TARA_SAMEA2620542_METAG_MEOGFAGI,0,1019,100,Alteromonas_macleodii_SAMEA2620542,K03781
19,K03781,2503_TARA_SAMEA2620413_METAG_HJGOFLNN,0,1019,100,Alteromonas_macleodii_SAMEA2620413,K03781
20,K03781,2721_TARA_SAMEA2620259_METAG_OHBFMFFC,0,1019,100,Alteromonas_macleodii_SAMEA2620259,K03781
21,K03781,2009_TARA_SAMEA2620217_METAG_OENHAHFA,0,1019,100,Alteromonas_macleodii_SAMEA2620217,K03781
22,K03781,833_TARA_SAMEA2620194_METAG_JCEANMAI,0,1019,100,Alteromonas_macleodii_SAMEA2620194,K03781
23,K03781,1841_MALA_SAMN05422106_METAG_IKNIELCH,0,1019,100,Alteromonas_macleodii_SAMN05422106,K03781
24,K03781,429_MALA_SAMN05421706_METAG_CKJAFDPA,0,1019,100,Alteromonas_macleodii_SAMN05421706,K03781
25,K03781,1182_2802429382,0,1019,100,Alteromonas_sp_NAT174,K03781
26,K03781,793_2802429353,0,1019,100,Alteromonas_sp_IN32,K03781
27,K03781,1415_BGEO_SAMN07136711_METAG_NHALNJBN,0,1019,100,Alteromonas_macleodii_SAMN07136711,K03781
28,K03781,101_TARA_SAMEA2623390_METAG_LDEBDOEH,0,1019,100,Alteromonas_macleodii_SAMEA2623390,K03781
29,K03781,1523_TARA_SAMEA2622843_METAG_KKMNMCOG,0,1018,100,Alteromonas_macleodii_SAMEA2622843,K03781
30,K03781,3485_TARA_SAMEA2622676_METAG_KGFLKMBD,0,1018,100,Alteromonas_macleodii_SAMEA2622676,K03781
31,K03781,3305_TARA_SAMEA2622357_METAG_MMNPPCIF,0,1018,100,Alteromonas_macleodii_SAMEA2622357,K03781
32,K03781,1072_GCF_023805395.1,0,1018,100,Alteromonas_macleodii_QZ9_9,K03781
33,K03781,354_BGEO_SAMN07136589_METAG_DDMJICEB,0,1018,100,Alteromonas_macleodii_SAMN07136589,K03781
34,K03781,3136_2915794133,0,1018,100,Alteromonas_sp_07_89_2,K03781
35,K03781,2245_2710724218,0,1018,100,Alteromonas_sp_I10,K03781
36,K03781,392_2687453488,0,1018,100,Alteromonas_macleodii_HOT1A3,K03781
37,K03781,365_2521172683,0,1018,100,Alteromonas_macleodii_English_Channel_673,K03781
38,K03781,388_TARA_SAMEA2623098_METAG_BOAFAAIF,0,1018,100,Alteromonas_macleodii_SAMEA2623098,K03781
39,K03781,1394_TARA_SAMEA2622801_METAG_OACOIKDG,0,1018,100,Alteromonas_macleodii_SAMEA2622801,K03781
40,K03781,2503_TARA_SAMEA2621287_METAG_MNDFFPHI,0,1017,100,Alteromonas_macleodii_SAMEA2621287,K03781
41,K03781,3335_MALA_SAMN05422152_METAG_HBNHKFJL,0,1017,100,Alteromonas_macleodii_SAMN05422152,K03781
42,K03781,1493_TARA_SAMEA2622429_METAG_FNNAGCCN,0,1017,100,Alteromonas_macleodii_SAMEA2622429,K03781
43,K03781,509_MALA_SAMN05422128_METAG_GFOMCGFD,0,1017,100,Alteromonas_macleodii_SAMN05422128,K03781
44,K03781,2354_MALA_SAMN05422115_METAG_EILAGLKN,0,1017,100,Alteromonas_macleodii_SAMN05422115,K03781
45,K03781,3098_MALA_SAMN05422114_METAG_HDMCNFBK,0,1017,100,Alteromonas_macleodii_SAMN05422114,K03781
46,K03781,417_GCF_901446755.2,0,1017,100,Alteromonas_macleodii_83_1,K03781
47,K03781,385_2841458974,0,1017,100,Alteromonas_macleodii_Te101,K03781
48,K03781,417_2738541262,0,1017,100,Alteromonas_macleodii_BGP14,K03781
49,K03781,417_2738541261,0,1017,100,Alteromonas_macleodii_BGP9,K03781
50,K03781,417_2738541260,0,1017,100,Alteromonas_macleodii_BGP6,K03781
51,K03781,1491_TARA_SAMEA2623295_METAG_KGDGGJKN,0,1016,100,Alteromonas_macleodii_SAMEA2623295,K03781
52,K03781,1543_TARA_SAMEA2620995_METAG_JALHFPLJ,0,1016,100,Alteromonas_macleodii_SAMEA2620995,K03781
53,K03781,3257_TARA_SAMEA2622923_METAG_PHDMIKKF,0,1016,100,Alteromonas_macleodii_SAMEA2622923,K03781
54,K03781,1107_2899573643,0,1016,100,Alteromonas_sp_KUL17,K03781
55,K03781,4030_2698537011,0,1015,100,Alteromonas_sp_BZK5,K03781
56,K03781,1236_TARA_SAMEA2622763_METAG_MBGICCKG,0,1014,100,Alteromonas_macleodii_SAMEA2622763,K03781
57,K03781,3056_MALA_SAMN05422226_METAG_LFOGBKLO,0,1014,100,Alteromonas_macleodii_SAMN05422226,K03781
58,K03781,1515_MALA_SAMN05422143_METAG_FOMAMBOG,0,1014,100,Alteromonas_macleodii_SAMN05422143,K03781
59,K03781,1640_TARA_SAMEA2622716_METAG_FPHJFONJ,0,1014,100,Alteromonas_macleodii_SAMEA2622716,K03781
60,K03781,3511_TARA_SAMEA2622402_METAG_LANBCGIM,0,1014,100,Alteromonas_macleodii_SAMEA2622402,K03781
61,K03781,3770_TARA_SAMEA2622336_METAG_IANBPKNL,0,1014,100,Alteromonas_macleodii_SAMEA2622336,K03781
62,K03781,1864_TARA_SAMEA2622097_METAG_CJDFGJHP,0,1014,100,Alteromonas_macleodii_SAMEA2622097,K03781
63,K03781,1970_TARA_SAMEA2621423_METAG_ACNBNNHJ,0,1014,100,Alteromonas_macleodii_SAMEA2621423,K03781
64,K03781,3619_TARA_SAMEA2621021_METAG_MKIGFGMC,0,1014,100,Alteromonas_macleodii_SAMEA2621021,K03781
65,K03781,1519_MALA_SAMN05422188_METAG_NPFLJJIF,0,1014,100,Alteromonas_macleodii_SAMN05422188,K03781
66,K03781,415_2785510739,0,1014,100,Alteromonas_macleodii_EZ55,K03781
67,K03781,2449_TARA_SAMEA2619952_METAG_EMJBGBGK,0,1014,100,Alteromonas_macleodii_SAMEA2619952,K03781
68,K03781,1032_TARA_SAMEA2591098_METAG_ELBPFDCK,0,1013,100,Alteromonas_macleodii_SAMEA2591098,K03781
69,K03781,1105_MALA_SAMN05422113_METAG_BGGGCIFH,0,1013,100,Alteromonas_macleodii_SAMN05422113,K03781
70,K03781,447_2738541267,0,1012,100,Alteromonas_macleodii_MIT1002_Genome_closure,K03781
71,K03781,389_2684623206,0,1011,100,Alteromonas_macleodii_D7,K03781
72,K03781,629_2802429385,0,1009,100,Alteromonas_sp_RS411,K03781
73,K03781,1487_TARA_SAMEA2622694_METAG_CCCHGPBM,0,1008,99,Alteromonas_macleodii_SAMEA2622694,K03781
74,K03781,1158_2802429384,0,1008,100,Alteromonas_sp_NP46,K03781
75,K03781,1516_TARA_SAMEA2622695_METAG_CLGIMKPC,0,1005,98,Alteromonas_macleodii_SAMEA2622695,K03781
76,K03781,445_2651870151,0,1005,100,Alteromonas_macleodii_REDSEA_S09_B2,K03781
77,K03781,416_2521172684,0,1004,100,Alteromonas_macleodii_Black_Sea_11,K03781
78,K03781,2555_TARA_SAMEA2622738_METAG_BIOCPOLN,0,1004,98,Alteromonas_macleodii_SAMEA2622738,K03781
79,K03781,1969_2651870154,0,1004,100,Alteromonas_macleodii_REDSEA_S14_B11,K03781
80,K03781,2961_TARA_SAMEA2622677_METAG_NFILEFMO,0,1003,98,Alteromonas_macleodii_SAMEA2622677,K03781
81,K03781,3411_MALA_SAMN05422164_METAG_ENHHGIGI,0,1003,98,Alteromonas_macleodii_SAMN05422164,K03781
82,K03781,77_2855659987,0,1002,100,Alteromonas_abrolhosensis_PEL_67E,K03781
83,K03781,2459_2844285455,0,1002,100,Alteromonas_abrolhosensis_PEL_68C,K03781
84,K03781,397_2521172706,0,1002,100,Alteromonas_macleodii_Balearic_Sea_AD45,K03781
85,K03781,1366_TARA_SAMEA2623513_METAG_EOFNCJHB,0,1001,98,Alteromonas_macleodii_SAMEA2623513,K03781
86,K03781,3041_TARA_SAMEA2620882_METAG_GFDHHHGO,0,1001,98,Alteromonas_macleodii_SAMEA2620882,K03781
87,K03781,3672_MARD_SAMN10134660_REFG_MMP10134660,0,998,100,Alteromonas_sp_SAMN10134660,K03781
88,K03781,1068_GCF_003443615.1,0,998,100,Alteromonas_sp_BL110,K03781
89,K03781,1626_2899550177,0,997,100,Alteromonas_portus_HB161718,K03781
90,K03781,3160_TARA_SAMEA2621076_METAG_KBKFGPDA,0,996,98,Alteromonas_macleodii_SAMEA2621076,K03781
91,K03781,2983_2524614846,0,996,100,Alteromonas_sp_ALT199,K03781
92,K03781,3231_2855651425,0,994,100,Alteromonas_sp_V450,K03781
93,K03781,325_GCF_009759785.1,0,993,100,Alteromonas_mediterranea_AltCH17,K03781
94,K03781,322_GCF_006517095.1,0,993,100,Alteromonas_mediterranea_PT11,K03781
95,K03781,374_2721755798,0,993,100,Alteromonas_mediterranea_CP49,K03781
96,K03781,374_2721755611,0,993,100,Alteromonas_mediterranea_AR43,K03781
97,K03781,388_2718218105,0,993,100,Alteromonas_mediterranea_CP48,K03781
98,K03781,1124_BGEO_SAMN07136708_METAG_BAHNCNMJ,0,991,100,BAHNCNMJ,K03781
99,K03781,449_2545824627,0,991,100,Alteromonas_macleodii__Aegean_Sea_MED64_,K03781
100,K03781,448_2561511205,0,989,100,Alteromonas_macleodii__English_Channel_615_,K03781
101,K03781,1982_TARA_SAMEA2591074_METAG_KDMPNFOL,0,988,100,Alteromonas_mediterranea_SAMEA2591074,K03781
102,K03781,958_BGEO_SAMN07136710_METAG_KAKDCGPF,0,988,100,Alteromonas_mediterranea_SAMN07136710,K03781
103,K03781,459_2687453642,0,988,100,Alteromonas_mediterranea_UM8,K03781
104,K03781,707_2687453526,0,988,100,Alteromonas_mediterranea_U10,K03781
105,K03781,467_2561511204,0,988,100,Alteromonas_macleodii__Ionian_Sea_UM7_,K03781
106,K03781,460_2561511203,0,988,100,Alteromonas_macleodii__Ionian_Sea_U4_,K03781
107,K03781,469_2554235401,0,988,100,Alteromonas_macleodii__Ionian_Sea_UM4b_,K03781
108,K03781,504_2554235400,0,988,100,Alteromonas_macleodii__Ionian_Sea_U8_,K03781
109,K03781,489_2554235399,0,988,100,Alteromonas_macleodii__Ionian_Sea_U7_,K03781
110,K03781,468_2521172685,0,988,100,Alteromonas_macleodii_AltDE1,K03781
111,K03781,742_2721755799,0,986,100,Alteromonas_mediterranea_RG65,K03781
112,K03781,560_MALA_SAMN05422165_METAG_JAPLNBCC,0,986,100,Alteromonas_mediterranea_SAMN05422165,K03781
113,K03781,492_642555105,0,986,100,Alteromonas_mediterranea_DE,K03781
114,K03781,336_GCF_006517115.1,0,984,100,Alteromonas_mediterranea_PT15,K03781
115,K03781,3278_BGEO_SAMN07136715_METAG_KOEDIAMF,0,984,100,Alteromonas_sp_SAMN07136715,K03781
116,K03781,318_BGEO_SAMN07136709_METAG_OCCKODGL,0,984,100,Alteromonas_sp_SAMN07136709,K03781
117,K03781,3406_TARA_SAMEA2620734_METAG_NONNIGNP,0,982,96,Alteromonas_macleodii_SAMEA2620734,K03781
118,K03781,1801_MALA_SAMN05422110_METAG_AHCIDJHN,0,959,94,Alteromonas_macleodii_SAMN05422110,K03781
119,K03781,1538_MALA_SAMN05421901_METAG_KALOONEP,0,957,94,Alteromonas_macleodii_SAMN05421901,K03781
120,K03781,486_TARA_SAMN05326644_METAG_PON00061,0,920,100,Alteromonas_australica_SAMN05326644,K03781
121,K03781,2252_TARA_SAMEA2623826_METAG_OCIHHAIO,0,920,100,Alteromonas_australica_SAMEA2623826,K03781
122,K03781,2507_TARA_SAMEA2623794_METAG_GMMKMDFK,0,920,100,Alteromonas_australica_SAMEA2623794,K03781
123,K03781,2901_TARA_SAMEA2623513_METAG_PGGKNGAJ,0,920,100,Alteromonas_australica_SAMEA2623513,K03781
124,K03781,2211_TARA_SAMEA2623314_METAG_DPHFBFLK,0,920,100,Alteromonas_australica_SAMEA2623314,K03781
125,K03781,468_TARA_SAMEA2623295_METAG_JAJGGAMP,0,920,100,Alteromonas_australica_SAMEA2623295,K03781
126,K03781,2195_TARA_SAMEA2623135_METAG_DJILNNCH,0,920,100,Alteromonas_australica_SAMEA2623135,K03781
127,K03781,637_TARA_SAMEA2622923_METAG_FFMAPNPA,0,920,100,Alteromonas_australica_SAMEA2622923,K03781
128,K03781,1306_TARA_SAMEA2622823_METAG_PBNJCJBB,0,920,100,Alteromonas_australica_SAMEA2622823,K03781
129,K03781,2830_TARA_SAMEA2622801_METAG_LFPDDPPB,0,920,100,Alteromonas_australica_SAMEA2622801,K03781
130,K03781,3104_TARA_SAMEA2622738_METAG_JDKGJOOG,0,920,100,Alteromonas_australica_SAMEA2622738,K03781
131,K03781,3144_TARA_SAMEA2622737_METAG_EHIMIIMP,0,920,100,Alteromonas_australica_SAMEA2622737,K03781
132,K03781,1669_TARA_SAMEA2622696_METAG_FJMHLBNK,0,920,100,Alteromonas_australica_SAMEA2622696,K03781
133,K03781,2899_TARA_SAMEA2622695_METAG_ILPHFPJJ,0,920,100,Alteromonas_australica_SAMEA2622695,K03781
134,K03781,1261_TARA_SAMEA2622690_METAG_DLAHHAJP,0,920,100,Alteromonas_australica_SAMEA2622690,K03781
135,K03781,2188_TARA_SAMEA2622678_METAG_EMNMIPDN,0,920,100,Alteromonas_australica_SAMEA2622678,K03781
136,K03781,2839_TARA_SAMEA2622673_METAG_KABGAJCP,0,920,100,Alteromonas_australica_SAMEA2622673,K03781
137,K03781,2757_TARA_SAMEA2622656_METAG_ONBBOINN,0,920,100,Alteromonas_australica_SAMEA2622656,K03781
138,K03781,2687_TARA_SAMEA2622499_METAG_BNLJGNGC,0,920,100,Alteromonas_australica_SAMEA2622499,K03781
139,K03781,2193_TARA_SAMEA2622402_METAG_IKPHBABN,0,920,100,Alteromonas_australica_SAMEA2622402,K03781
140,K03781,2773_TARA_SAMEA2622197_METAG_COANOGOL,0,920,100,COANOGOL,K03781
141,K03781,2505_TARA_SAMEA2622149_METAG_IIKHAJAF,0,920,100,Alteromonas_australica_SAMEA2622149,K03781
142,K03781,2190_TARA_SAMEA2622119_METAG_AHJCKKBI,0,920,100,Alteromonas_australica_SAMEA2622119,K03781
143,K03781,612_TARA_SAMEA2622097_METAG_CBGOIALJ,0,920,100,Alteromonas_australica_SAMEA2622097,K03781
144,K03781,329_TARA_SAMEA2622074_METAG_LMCNBJON,0,920,100,Alteromonas_australica_SAMEA2622074,K03781
145,K03781,2625_TARA_SAMEA2621295_METAG_EFHEAJNM,0,920,100,Alteromonas_australica_SAMEA2621295,K03781
146,K03781,2645_TARA_SAMEA2621242_METAG_MFCNHMLF,0,920,100,Alteromonas_australica_SAMEA2621242,K03781
147,K03781,965_TARA_SAMEA2621232_METAG_LHMCJHIB,0,920,100,Alteromonas_australica_SAMEA2621232,K03781
148,K03781,2336_TARA_SAMEA2621216_METAG_ANKHBPBN,0,920,100,Alteromonas_australica_SAMEA2621216,K03781
149,K03781,1888_TARA_SAMEA2621204_METAG_JIFCLNHI,0,920,100,Alteromonas_australica_SAMEA2621204,K03781
150,K03781,1347_TARA_SAMEA2621176_METAG_JENGLJNG,0,920,100,Alteromonas_australica_SAMEA2621176,K03781
151,K03781,1188_TARA_SAMEA2621155_METAG_BMEOCPIO,0,920,100,Alteromonas_australica_SAMEA2621155,K03781
152,K03781,1087_TARA_SAMEA2621132_METAG_LILFEADH,0,920,100,Alteromonas_australica_SAMEA2621132,K03781
153,K03781,1293_TARA_SAMEA2621101_METAG_LOPADGMB,0,920,100,Alteromonas_australica_SAMEA2621101,K03781
154,K03781,2259_TARA_SAMEA2621099_METAG_AKPJHAOI,0,920,100,Alteromonas_australica_SAMEA2621099,K03781
155,K03781,1078_TARA_SAMEA2621092_METAG_JEDFGNEM,0,920,100,Alteromonas_australica_SAMEA2621092,K03781
156,K03781,2990_TARA_SAMEA2621076_METAG_GINCPJEM,0,920,100,Alteromonas_australica_SAMEA2621076,K03781
157,K03781,2885_TARA_SAMEA2621066_METAG_EHDOKGKK,0,920,100,Alteromonas_australica_SAMEA2621066,K03781
158,K03781,1817_TARA_SAMEA2621044_METAG_NOLHAABM,0,920,100,Alteromonas_australica_SAMEA2621044,K03781
159,K03781,361_TARA_SAMEA2621037_METAG_BOIEAKJP,0,920,100,Alteromonas_australica_SAMEA2621037,K03781
160,K03781,701_TARA_SAMEA2621021_METAG_JAJGGMJP,0,920,100,Alteromonas_australica_SAMEA2621021,K03781
161,K03781,2322_TARA_SAMEA2621020_METAG_DGKNMHLE,0,920,100,Alteromonas_australica_SAMEA2621020,K03781
162,K03781,1352_TARA_SAMEA2621013_METAG_FHBCEPPH,0,920,100,Alteromonas_australica_SAMEA2621013,K03781
163,K03781,2369_TARA_SAMEA2620995_METAG_BFDFBIKP,0,920,100,Alteromonas_australica_SAMEA2620995,K03781
164,K03781,1984_TARA_SAMEA2620882_METAG_GJEPBGGD,0,920,100,Alteromonas_australica_SAMEA2620882,K03781
165,K03781,3054_TARA_SAMEA2620217_METAG_KNGANELN,0,920,100,Alteromonas_australica_SAMEA2620217,K03781
166,K03781,1399_TARA_SAMEA2620198_METAG_KLFKEFEP,0,920,100,Alteromonas_australica_SAMEA2620198,K03781
167,K03781,2143_TARA_SAMEA2620065_METAG_OKKLCHLP,0,920,100,Alteromonas_australica_SAMEA2620065,K03781
168,K03781,850_TARA_SAMEA2619974_METAG_DFCIFEPC,0,920,100,DFCIFEPC,K03781
169,K03781,373_MALA_SAMN05422121_METAG_OGAMKLHO,0,920,100,Alteromonas_australica_SAMN05422121,K03781
170,K03781,3549_GCF_015767655.1,0,920,100,Alteromonas_sp_B31_7,K03781
171,K03781,692_BGEO_SAMN07136710_METAG_AFAMJGBL,0,920,100,Alteromonas_australica_SAMN07136710,K03781
172,K03781,1064_BGEO_SAMN07136708_METAG_KMOHFEJM,0,920,100,Alteromonas_australica_SAMN07136708,K03781
173,K03781,27_2802429356,0,920,100,Alteromonas_sp_EAC37,K03781
174,K03781,197_2802429354,0,920,100,Alteromonas_sp_CPC327,K03781
175,K03781,1435_2802429350,0,920,100,Alteromonas_sp_ARS20,K03781
176,K03781,490_2639762924,0,920,100,Alteromonas_australica_DE170,K03781
177,K03781,836_TARA_SAMEA2623426_METAG_KGGHKKNJ,0,919,100,Alteromonas_australica_SAMEA2623426,K03781
178,K03781,2365_TARA_SAMEA2621779_METAG_AKPKIDGA,0,919,100,Alteromonas_australica_SAMEA2621779,K03781
179,K03781,2941_MALA_SAMN05422104_METAG_FCEGNAFB,0,919,100,Alteromonas_australica_SAMN05422104,K03781
180,K03781,3353_TARA_SAMEA2591132_METAG_KHLCFNJJ,0,918,100,Alteromonas_australica_SAMEA2591132,K03781
181,K03781,1647_TARA_SAMEA2591132_METAG_KHLCFNJJ,0,918,100,Alteromonas_australica_SAMEA2591132,K03781
182,K03781,449_2585427644,0,918,100,Alteromonas_australica_H17,K03781
183,K03781,2906_MALA_SAMN05421660_METAG_DPEMGBDK,0,918,100,DPEMGBDK,K03781
184,K03781,3537_MALA_SAMN05422122_METAG_JKIINEFM,0,915,89,Alteromonas_macleodii_SAMN05422122,K03781
185,K03781,1362_TARA_SAMEA2621099_METAG_HKJHHJDF,0,914,89,Alteromonas_macleodii_SAMEA2621099,K03781
186,K03781,2958_TARA_SAMEA2620035_METAG_KKMHIJLM,0,914,89,Alteromonas_macleodii_SAMEA2620035,K03781
187,K03781,1650_MALA_SAMN05421563_METAG_OGDDIGDA,0,914,89,Alteromonas_macleodii_SAMN05421563,K03781
188,K03781,1552_TARA_SAMEA2622736_METAG_KEKDHEDF,0,913,89,Alteromonas_macleodii_SAMEA2622736,K03781
189,K03781,2481_TARA_SAMEA2620097_METAG_LMDFIENN,0,913,89,Alteromonas_macleodii_SAMEA2620097,K03781
190,K03781,3218_TARA_SAMEA2620065_METAG_EFBPEMOE,0,913,89,Alteromonas_macleodii_SAMEA2620065,K03781
191,K03781,1627_TARA_SAMEA2620021_METAG_NHAIJEJL,0,913,89,Alteromonas_macleodii_SAMEA2620021,K03781
192,K03781,2948_TARA_SAMEA2619970_METAG_GKNKAGAI,0,913,89,Alteromonas_macleodii_SAMEA2619970,K03781
193,K03781,307_2802429386,0,913,100,Alteromonas_sp_NP15,K03781
194,K03781,1052_2841454579,0,912,100,Alteromonas_sp_RKMC_009,K03781
195,K03781,1346_TARA_SAMEA2622197_METAG_BDHOEKBL,0,910,89,Alteromonas_macleodii_SAMEA2622197,K03781
196,K03781,2981_TARA_SAMEA2620000_METAG_KDOCHGCC,0,910,89,Alteromonas_macleodii_SAMEA2620000,K03781
197,K03781,2999_TARA_SAMEA2622837_METAG_AJLMAJKC,0,909,89,Alteromonas_macleodii_SAMEA2622837,K03781
198,K03781,3649_TARA_SAMEA2622376_METAG_BHCALEEO,0,906,89,Alteromonas_macleodii_SAMEA2622376,K03781
199,K03781,3331_TARA_SAMEA2622219_METAG_OLKBBLOM,0,906,89,Alteromonas_macleodii_SAMEA2622219,K03781
200,K03781,1423_MALA_SAMN05422195_METAG_GNIPIPMH,0,905,88,Alteromonas_macleodii_SAMN05422195,K03781
201,K03781,1546_TARA_SAMEA2621260_METAG_POCDJBFE,0,905,89,Alteromonas_macleodii_SAMEA2621260,K03781
202,K03781,1615_TARA_SAMEA2620815_METAG_EEKNENIE,0,899,88,Alteromonas_macleodii_SAMEA2620815,K03781
203,K03781,1653_TARA_SAMEA2622678_METAG_NJLMMAFG,0,898,88,Alteromonas_macleodii_SAMEA2622678,K03781
204,K03781,1711_2855647486,0,872,97,Alteromonas_indica_IO390401,K03781
205,K03781,1637_2791355104,0,850,95,Alteromonas_pelagimontana_512,K03781
206,K03781,1619_2651870153,0,805,80,Alteromonas_macleodii_REDSEA_S12_B5,K03781
207,K03781,893_TARA_SAMEA2622048_METAG_DBDFGENL,0,804,86,Alteromonas_australica_SAMEA2622048,K03781
208,K03781,863_2651870155,0,785,83,Alteromonas_macleodii_REDSEA_S15_B11,K03781
209,K03781,2395_GCF_016756335.1,1.43e-174,503,98,Alteromonas_sp_KC14,K03781
210,K03781,2413_GCF_016756315.1,1.43e-174,503,98,Alteromonas_sp_KC3,K03781
211,K03781,830_BGEO_SAMN07136715_METAG_KOEDIAMF,3.61e-174,503,98,Alteromonas_sp_SAMN07136715,K03781
212,K03781,2395_BGEO_SAMN07136709_METAG_OCCKODGL,1.1e-173,501,98,Alteromonas_sp_SAMN07136709,K03781
213,K03781,148_TARA_SAMEA2622676_METAG_KGFLKMBD,4.63e-173,499,98,Alteromonas_macleodii_SAMEA2622676,K03781
214,K03781,2379_2521172706,4.63e-173,499,98,Alteromonas_macleodii_Balearic_Sea_AD45,K03781
215,K03781,1018_TARA_SAMEA2620828_METAG_NCPOODDG,6.6e-173,499,98,Alteromonas_macleodii_SAMEA2620828,K03781
216,K03781,3052_GCF_023805395.1,6.7e-173,499,98,Alteromonas_macleodii_QZ9_9,K03781
217,K03781,3409_2710724218,6.85e-173,499,98,Alteromonas_sp_I10,K03781
218,K03781,2347_2521172683,7e-173,499,98,Alteromonas_macleodii_English_Channel_673,K03781
219,K03781,1343_TARA_SAMEA2623390_METAG_LDEBDOEH,7.16e-173,499,98,Alteromonas_macleodii_SAMEA2623390,K03781
220,K03781,2800_TARA_SAMEA2622843_METAG_KKMNMCOG,7.16e-173,499,98,Alteromonas_macleodii_SAMEA2622843,K03781
221,K03781,1118_TARA_SAMEA2622765_METAG_HBCOMCNP,7.16e-173,499,98,Alteromonas_macleodii_SAMEA2622765,K03781
222,K03781,397_TARA_SAMEA2621260_METAG_POCDJBFE,7.16e-173,499,98,Alteromonas_macleodii_SAMEA2621260,K03781
223,K03781,1964_TARA_SAMEA2621155_METAG_FAPDAFJA,7.16e-173,499,98,Alteromonas_macleodii_SAMEA2621155,K03781
224,K03781,115_MALA_SAMN05422183_METAG_FCADMKDN,7.16e-173,499,98,Alteromonas_macleodii_SAMN05422183,K03781
225,K03781,997_MALA_SAMN05422128_METAG_GFOMCGFD,7.16e-173,499,98,Alteromonas_macleodii_SAMN05422128,K03781
226,K03781,3320_MALA_SAMN05422114_METAG_HDMCNFBK,7.16e-173,499,98,Alteromonas_macleodii_SAMN05422114,K03781
227,K03781,2360_GCF_901446755.2,7.16e-173,499,98,Alteromonas_macleodii_83_1,K03781
228,K03781,714_BGEO_SAMN07136711_METAG_NHALNJBN,7.16e-173,499,98,Alteromonas_macleodii_SAMN07136711,K03781
229,K03781,3609_2857284938,7.16e-173,499,98,Alteromonas_sp_LOR,K03781
230,K03781,3586_2751185844,7.16e-173,499,98,Alteromonas_sp_LTR,K03781
231,K03781,2360_2738541262,7.16e-173,499,98,Alteromonas_macleodii_BGP14,K03781
232,K03781,2290_2738541261,7.16e-173,499,98,Alteromonas_macleodii_BGP9,K03781
233,K03781,2360_2738541260,7.16e-173,499,98,Alteromonas_macleodii_BGP6,K03781
234,K03781,2356_2687453488,7.16e-173,499,98,Alteromonas_macleodii_HOT1A3,K03781
235,K03781,2265_2554235747,7.16e-173,499,98,Alteromonas_macleodii_ATCC_27126,K03781
236,K03781,79_TARA_SAMEA2623794_METAG_NBFOODCE,7.72e-173,499,98,Alteromonas_macleodii_SAMEA2623794,K03781
237,K03781,3272_TARA_SAMEA2623756_METAG_DMBINDKP,7.72e-173,499,98,Alteromonas_macleodii_SAMEA2623756,K03781
238,K03781,270_TARA_SAMEA2623649_METAG_NIKIPLNN,7.72e-173,499,98,Alteromonas_macleodii_SAMEA2623649,K03781
239,K03781,1709_TARA_SAMEA2623513_METAG_EOFNCJHB,7.72e-173,499,98,Alteromonas_macleodii_SAMEA2623513,K03781
240,K03781,973_TARA_SAMEA2623314_METAG_CFMLMODN,7.72e-173,499,98,Alteromonas_macleodii_SAMEA2623314,K03781
241,K03781,217_TARA_SAMEA2623155_METAG_HDJJLLJM,7.72e-173,499,98,Alteromonas_macleodii_SAMEA2623155,K03781
242,K03781,1974_TARA_SAMEA2623098_METAG_BOAFAAIF,7.72e-173,499,98,Alteromonas_macleodii_SAMEA2623098,K03781
243,K03781,2347_TARA_SAMEA2622837_METAG_AJLMAJKC,7.72e-173,499,98,Alteromonas_macleodii_SAMEA2622837,K03781
244,K03781,2221_TARA_SAMEA2622823_METAG_GLPNBIDC,7.72e-173,499,98,Alteromonas_macleodii_SAMEA2622823,K03781
245,K03781,2324_TARA_SAMEA2622821_METAG_DGNNOPLM,7.72e-173,499,98,Alteromonas_macleodii_SAMEA2622821,K03781
246,K03781,2466_TARA_SAMEA2622801_METAG_OACOIKDG,7.72e-173,499,98,Alteromonas_macleodii_SAMEA2622801,K03781
247,K03781,694_TARA_SAMEA2622799_METAG_POKHDFDG,7.72e-173,499,98,Alteromonas_macleodii_SAMEA2622799,K03781
248,K03781,1876_TARA_SAMEA2622763_METAG_MBGICCKG,7.72e-173,499,98,Alteromonas_macleodii_SAMEA2622763,K03781
249,K03781,775_TARA_SAMEA2622737_METAG_MKACOKCB,7.72e-173,499,98,Alteromonas_macleodii_SAMEA2622737,K03781
250,K03781,1173_TARA_SAMEA2622736_METAG_KEKDHEDF,7.72e-173,499,98,Alteromonas_macleodii_SAMEA2622736,K03781
251,K03781,1777_TARA_SAMEA2622733_METAG_LJOLBPGP,7.72e-173,499,98,Alteromonas_macleodii_SAMEA2622733,K03781
252,K03781,2651_TARA_SAMEA2622695_METAG_CLGIMKPC,7.72e-173,499,98,Alteromonas_macleodii_SAMEA2622695,K03781
253,K03781,2086_TARA_SAMEA2622568_METAG_DIBMGPDO,7.72e-173,499,98,Alteromonas_macleodii_SAMEA2622568,K03781
254,K03781,1289_TARA_SAMEA2622545_METAG_KEGJKDAO,7.72e-173,499,98,Alteromonas_macleodii_SAMEA2622545,K03781
255,K03781,515_TARA_SAMEA2622499_METAG_AGKMCDCN,7.72e-173,499,98,Alteromonas_macleodii_SAMEA2622499,K03781
256,K03781,2973_TARA_SAMEA2622478_METAG_OEBMNELG,7.72e-173,499,98,Alteromonas_macleodii_SAMEA2622478,K03781
257,K03781,1085_TARA_SAMEA2622429_METAG_FNNAGCCN,7.72e-173,499,98,Alteromonas_macleodii_SAMEA2622429,K03781
258,K03781,192_TARA_SAMEA2622357_METAG_MMNPPCIF,7.72e-173,499,98,Alteromonas_macleodii_SAMEA2622357,K03781
259,K03781,801_TARA_SAMEA2622197_METAG_BDHOEKBL,7.72e-173,499,98,Alteromonas_macleodii_SAMEA2622197,K03781
260,K03781,2969_TARA_SAMEA2622119_METAG_BOODJKMH,7.72e-173,499,98,Alteromonas_macleodii_SAMEA2622119,K03781
261,K03781,1502_TARA_SAMEA2621232_METAG_EBHOLINI,7.72e-173,499,98,Alteromonas_macleodii_SAMEA2621232,K03781
262,K03781,2189_TARA_SAMEA2621099_METAG_HKJHHJDF,7.72e-173,499,98,Alteromonas_macleodii_SAMEA2621099,K03781
263,K03781,291_TARA_SAMEA2621044_METAG_JOAMDGOD,7.72e-173,499,98,Alteromonas_macleodii_SAMEA2621044,K03781
264,K03781,1810_TARA_SAMEA2620995_METAG_JALHFPLJ,7.72e-173,499,98,Alteromonas_macleodii_SAMEA2620995,K03781
265,K03781,227_TARA_SAMEA2620882_METAG_GFDHHHGO,7.72e-173,499,98,Alteromonas_macleodii_SAMEA2620882,K03781
266,K03781,948_TARA_SAMEA2620815_METAG_EEKNENIE,7.72e-173,499,98,Alteromonas_macleodii_SAMEA2620815,K03781
267,K03781,744_TARA_SAMEA2620734_METAG_NONNIGNP,7.72e-173,499,98,Alteromonas_macleodii_SAMEA2620734,K03781
268,K03781,653_TARA_SAMEA2620542_METAG_MEOGFAGI,7.72e-173,499,98,Alteromonas_macleodii_SAMEA2620542,K03781
269,K03781,1937_TARA_SAMEA2620413_METAG_HJGOFLNN,7.72e-173,499,98,Alteromonas_macleodii_SAMEA2620413,K03781
270,K03781,2013_TARA_SAMEA2620259_METAG_OHBFMFFC,7.72e-173,499,98,Alteromonas_macleodii_SAMEA2620259,K03781
271,K03781,2725_TARA_SAMEA2620217_METAG_OENHAHFA,7.72e-173,499,98,Alteromonas_macleodii_SAMEA2620217,K03781
272,K03781,989_TARA_SAMEA2620194_METAG_JCEANMAI,7.72e-173,499,98,Alteromonas_macleodii_SAMEA2620194,K03781
273,K03781,1618_TARA_SAMEA2620097_METAG_LMDFIENN,7.72e-173,499,98,Alteromonas_macleodii_SAMEA2620097,K03781
274,K03781,2319_TARA_SAMEA2620065_METAG_EFBPEMOE,7.72e-173,499,98,Alteromonas_macleodii_SAMEA2620065,K03781
275,K03781,1604_TARA_SAMEA2620035_METAG_KKMHIJLM,7.72e-173,499,98,Alteromonas_macleodii_SAMEA2620035,K03781
276,K03781,702_TARA_SAMEA2620021_METAG_NHAIJEJL,7.72e-173,499,98,Alteromonas_macleodii_SAMEA2620021,K03781
277,K03781,234_TARA_SAMEA2619974_METAG_MIENHEPK,7.72e-173,499,98,MIENHEPK,K03781
278,K03781,1871_TARA_SAMEA2619970_METAG_GKNKAGAI,7.72e-173,499,98,Alteromonas_macleodii_SAMEA2619970,K03781
279,K03781,1866_TARA_SAMEA2619907_METAG_NBBOJICC,7.72e-173,499,98,Alteromonas_macleodii_SAMEA2619907,K03781
280,K03781,1938_TARA_SAMEA2619678_METAG_EIFLFJDP,7.72e-173,499,98,Alteromonas_macleodii_SAMEA2619678,K03781
281,K03781,503_MALA_SAMN05422226_METAG_LFOGBKLO,7.72e-173,499,98,Alteromonas_macleodii_SAMN05422226,K03781
282,K03781,620_MALA_SAMN05422195_METAG_GNIPIPMH,7.72e-173,499,98,Alteromonas_macleodii_SAMN05422195,K03781
283,K03781,2074_MALA_SAMN05422191_METAG_FAHFBJCK,7.72e-173,499,98,Alteromonas_macleodii_SAMN05422191,K03781
284,K03781,2700_MALA_SAMN05422188_METAG_NPFLJJIF,7.72e-173,499,98,Alteromonas_macleodii_SAMN05422188,K03781
285,K03781,442_MALA_SAMN05422169_METAG_JIKBLNIN,7.72e-173,499,98,Alteromonas_macleodii_SAMN05422169,K03781
286,K03781,1879_MALA_SAMN05422165_METAG_PMFBPPCL,7.72e-173,499,98,Alteromonas_macleodii_SAMN05422165,K03781
287,K03781,117_MALA_SAMN05422164_METAG_ENHHGIGI,7.72e-173,499,98,Alteromonas_macleodii_SAMN05422164,K03781
288,K03781,1713_MALA_SAMN05422143_METAG_FOMAMBOG,7.72e-173,499,98,Alteromonas_macleodii_SAMN05422143,K03781
289,K03781,1745_MALA_SAMN05422138_METAG_COKPJGJJ,7.72e-173,499,98,Alteromonas_macleodii_SAMN05422138,K03781
290,K03781,2168_MALA_SAMN05422133_METAG_NBFINJIH,7.72e-173,499,98,Alteromonas_macleodii_SAMN05422133,K03781
291,K03781,477_MALA_SAMN05422123_METAG_AHNLNHFL,7.72e-173,499,98,Alteromonas_macleodii_SAMN05422123,K03781
292,K03781,2434_MALA_SAMN05422122_METAG_JKIINEFM,7.72e-173,499,98,Alteromonas_macleodii_SAMN05422122,K03781
293,K03781,887_MALA_SAMN05422121_METAG_EKAOPGOL,7.72e-173,499,98,Alteromonas_macleodii_SAMN05422121,K03781
294,K03781,2148_MALA_SAMN05422120_METAG_GPIHLFDL,7.72e-173,499,98,Alteromonas_macleodii_SAMN05422120,K03781
295,K03781,667_MALA_SAMN05422115_METAG_EILAGLKN,7.72e-173,499,98,Alteromonas_macleodii_SAMN05422115,K03781
296,K03781,411_MALA_SAMN05422107_METAG_FBOLMPMJ,7.72e-173,499,98,Alteromonas_macleodii_SAMN05422107,K03781
297,K03781,424_MALA_SAMN05422106_METAG_IKNIELCH,7.72e-173,499,98,Alteromonas_macleodii_SAMN05422106,K03781
298,K03781,1642_MALA_SAMN05422104_METAG_PHLAGPEP,7.72e-173,499,98,Alteromonas_macleodii_SAMN05422104,K03781
299,K03781,1824_MALA_SAMN05421913_METAG_FAHHIFON,7.72e-173,499,98,Alteromonas_macleodii_SAMN05421913,K03781
300,K03781,178_MALA_SAMN05421901_METAG_KALOONEP,7.72e-173,499,98,Alteromonas_macleodii_SAMN05421901,K03781
301,K03781,2441_MALA_SAMN05421706_METAG_CKJAFDPA,7.72e-173,499,98,Alteromonas_macleodii_SAMN05421706,K03781
302,K03781,2213_MALA_SAMN05421660_METAG_BCLNBHCC,7.72e-173,499,98,Alteromonas_macleodii_SAMN05421660,K03781
303,K03781,776_MALA_SAMN05421563_METAG_OGDDIGDA,7.72e-173,499,98,Alteromonas_macleodii_SAMN05421563,K03781
304,K03781,2477_BGEO_SAMN07136718_METAG_FMLMDJCG,7.72e-173,499,98,Alteromonas_macleodii_SAMN07136718,K03781
305,K03781,1656_BGEO_SAMN07136589_METAG_DDMJICEB,7.72e-173,499,98,Alteromonas_macleodii_SAMN07136589,K03781
306,K03781,1174_2915794133,7.72e-173,499,98,Alteromonas_sp_07_89_2,K03781
307,K03781,2328_2841458974,7.72e-173,499,98,Alteromonas_macleodii_Te101,K03781
308,K03781,712_2802429384,7.72e-173,499,98,Alteromonas_sp_NP46,K03781
309,K03781,1151_2802429355,7.72e-173,499,98,Alteromonas_sp_EAC615,K03781
310,K03781,2381_2738541267,7.72e-173,499,98,Alteromonas_macleodii_MIT1002_Genome_closure,K03781
311,K03781,183_2698537011,7.72e-173,499,98,Alteromonas_sp_BZK5,K03781
312,K03781,2430_2684623206,7.72e-173,499,98,Alteromonas_macleodii_D7,K03781
313,K03781,378_MALA_SAMN05422130_METAG_LKGLPHMF,7.98e-173,499,98,Alteromonas_macleodii_SAMN05422130,K03781
314,K03781,2384_TARA_SAMEA2622738_METAG_BIOCPOLN,1.09e-172,499,98,Alteromonas_macleodii_SAMEA2622738,K03781
315,K03781,1460_TARA_SAMEA2620000_METAG_KDOCHGCC,1.09e-172,499,98,Alteromonas_macleodii_SAMEA2620000,K03781
316,K03781,492_MALA_SAMN05422153_METAG_NIGOHOLK,1.09e-172,499,98,Alteromonas_macleodii_SAMN05422153,K03781
317,K03781,515_MALA_SAMN05422127_METAG_GFKECADP,1.09e-172,499,98,Alteromonas_macleodii_SAMN05422127,K03781
318,K03781,1033_TARA_SAMEA2622677_METAG_NFILEFMO,1.28e-172,499,98,Alteromonas_macleodii_SAMEA2622677,K03781
319,K03781,2252_2899550177,1.91e-172,498,98,Alteromonas_portus_HB161718,K03781
320,K03781,211_MALA_SAMN05422168_METAG_KJDAIKNE,2.32e-172,498,98,Alteromonas_macleodii_SAMN05422168,K03781
321,K03781,377_MALA_SAMN05422149_METAG_GLMHGCOP,2.32e-172,498,98,Alteromonas_macleodii_SAMN05422149,K03781
322,K03781,2406_TARA_SAMEA2623295_METAG_KGDGGJKN,2.73e-172,498,98,Alteromonas_macleodii_SAMEA2623295,K03781
323,K03781,1275_TARA_SAMEA2622716_METAG_FPHJFONJ,2.73e-172,498,98,Alteromonas_macleodii_SAMEA2622716,K03781
324,K03781,3343_TARA_SAMEA2622402_METAG_LANBCGIM,2.73e-172,498,98,Alteromonas_macleodii_SAMEA2622402,K03781
325,K03781,3573_TARA_SAMEA2622376_METAG_BHCALEEO,2.73e-172,498,98,Alteromonas_macleodii_SAMEA2622376,K03781
326,K03781,1166_TARA_SAMEA2622336_METAG_IANBPKNL,2.73e-172,498,98,Alteromonas_macleodii_SAMEA2622336,K03781
327,K03781,971_TARA_SAMEA2622097_METAG_CJDFGJHP,2.73e-172,498,98,Alteromonas_macleodii_SAMEA2622097,K03781
328,K03781,2904_TARA_SAMEA2621423_METAG_ACNBNNHJ,2.73e-172,498,98,Alteromonas_macleodii_SAMEA2621423,K03781
329,K03781,85_TARA_SAMEA2621204_METAG_BCMHBGAK,2.73e-172,498,98,Alteromonas_macleodii_SAMEA2621204,K03781
330,K03781,2827_TARA_SAMEA2621076_METAG_KBKFGPDA,2.73e-172,498,98,Alteromonas_macleodii_SAMEA2621076,K03781
331,K03781,2487_TARA_SAMEA2621037_METAG_GHKOIDBF,2.73e-172,498,98,Alteromonas_macleodii_SAMEA2621037,K03781
332,K03781,2614_TARA_SAMEA2621021_METAG_MKIGFGMC,2.73e-172,498,98,Alteromonas_macleodii_SAMEA2621021,K03781
333,K03781,1268_TARA_SAMEA2622219_METAG_OLKBBLOM,4.05e-172,497,98,Alteromonas_macleodii_SAMEA2622219,K03781
334,K03781,3278_TARA_SAMEA2621839_METAG_PGLOPPIJ,4.27e-172,497,98,Alteromonas_macleodii_SAMEA2621839,K03781
335,K03781,285_MARD_SAMN05578452_REFG_MMP05578452,4.27e-172,497,98,Alteromonas_macleodii_SAMN05578452,K03781
336,K03781,2637_MALA_SAMN05422152_METAG_HBNHKFJL,4.27e-172,497,98,Alteromonas_macleodii_SAMN05422152,K03781
337,K03781,2005_TARA_SAMEA2622678_METAG_NJLMMAFG,4.42e-172,497,98,Alteromonas_macleodii_SAMEA2622678,K03781
338,K03781,2361_2785510739,4.42e-172,497,98,Alteromonas_macleodii_EZ55,K03781
339,K03781,2499_TARA_SAMEA2622696_METAG_PINHKBMF,4.87e-172,497,98,Alteromonas_macleodii_SAMEA2622696,K03781
340,K03781,85_TARA_SAMEA2623370_METAG_BGGPHFHM,5.8e-172,497,98,Alteromonas_macleodii_SAMEA2623370,K03781
341,K03781,850_TARA_SAMEA2622149_METAG_NNHLKHHL,6.65e-172,498,98,Alteromonas_macleodii_SAMEA2622149,K03781
342,K03781,1078_2504136012,3.7e-171,495,98,Alteromonas_naphthalenivorans_SN2,K03781
343,K03781,2497_GCF_900654235.1,3.78e-171,495,98,Alteromonas_sp_76_1,K03781
344,K03781,87_2899569661,5.41e-171,494,98,Alteromonas_sp_KUL150,K03781
345,K03781,3267_2899573643,8.37e-171,494,98,Alteromonas_sp_KUL17,K03781
346,K03781,2296_2718217925,1.59e-170,493,98,Alteromonas_sp_Mex14,K03781
347,K03781,2375_2687453500,5.88e-170,492,97,Alteromonas_stellipolaris_LMG_21861,K03781
348,K03781,2356_2687453434,5.88e-170,492,97,Alteromonas_sp_Mac2,K03781
349,K03781,2384_2687453355,5.88e-170,492,97,Alteromonas_sp_Mac1,K03781
350,K03781,2383_2684623042,5.88e-170,492,97,Alteromonas_stellipolaris_LMG21856,K03781
351,K03781,1931_2899557523,8.07e-170,491,98,Alteromonas_sp_KUL106,K03781
352,K03781,2455_2687453643,1.99e-169,490,98,Alteromonas_stellipolaris_R10SW13,K03781
353,K03781,2464_2684623167,1.99e-169,490,98,Alteromonas_stellipolaris_PQQ_42,K03781
354,K03781,161_MARD_SAMN07626136_REFG_MMP07626136,2.79e-169,490,98,Alteromonas_gracilis_SAMN07626136,K03781
355,K03781,161_2731958078,2.79e-169,490,98,Alteromonas_sp_TK_46_2__DSM_26665,K03781
356,K03781,2470_2687453219,3.96e-169,489,98,Alteromonas_stellipolaris_PQQ_44,K03781
357,K03781,1276_2855651425,4.37e-169,489,98,Alteromonas_sp_V450,K03781
358,K03781,709_TARA_SAMN05326645_METAG_PSE00118,6.32e-169,489,98,Alteromonas_sp_SAMN05326645,K03781
359,K03781,380_TARA_SAMEA2621779_METAG_DHJPEKIP,6.32e-169,489,98,Alteromonas_sp_SAMEA2621779,K03781
360,K03781,747_2802429357,8.67e-169,489,98,Alteromonas_sp_CPC94,K03781
361,K03781,251_TARA_SAMEA2623098_METAG_EGJHKEDJ,9.06e-169,489,98,Alteromonas_sp_SAMEA2623098,K03781
362,K03781,608_MALA_SAMN05422120_METAG_NDMHKPKD,9.06e-169,489,98,Alteromonas_sp_SAMN05422120,K03781
363,K03781,2946_TARA_SAMN05326640_METAG_ANE00087,2.69e-168,488,97,Alteromonas_sp_SAMN05326640,K03781
364,K03781,658_TARA_SAMEA2622429_METAG_LGIPLECH,2.69e-168,488,97,Alteromonas_sp_SAMEA2622429,K03781
365,K03781,1305_TARA_SAMEA2622376_METAG_LCDBHBPD,2.69e-168,488,97,Alteromonas_sp_SAMEA2622376,K03781
366,K03781,1328_TARA_SAMEA2622765_METAG_KBIKNAHF,3.07e-168,488,97,Alteromonas_sp_SAMEA2622765,K03781
367,K03781,1873_TARA_SAMEA2622716_METAG_LLMPBKJB,3.07e-168,488,97,Alteromonas_sp_SAMEA2622716,K03781
368,K03781,3596_TARA_SAMEA2622695_METAG_NDMJOCCC,3.07e-168,488,97,Alteromonas_sp_SAMEA2622695,K03781
369,K03781,3819_TARA_SAMEA2622677_METAG_JBANDMDG,3.07e-168,488,97,Alteromonas_sp_SAMEA2622677,K03781
370,K03781,1170_TARA_SAMEA2622676_METAG_BIMHMBHP,3.07e-168,488,97,Alteromonas_sp_SAMEA2622676,K03781
371,K03781,835_TARA_SAMEA2622658_METAG_OHKNJPFH,3.07e-168,488,97,Alteromonas_sp_SAMEA2622658,K03781
372,K03781,1153_TARA_SAMEA2622149_METAG_PCNPJDCB,3.07e-168,488,97,Alteromonas_sp_SAMEA2622149,K03781
373,K03781,3540_TARA_SAMEA2622097_METAG_HBPMPIGL,3.07e-168,488,97,Alteromonas_sp_SAMEA2622097,K03781
374,K03781,4419_MARD_SAMN10233659_REFG_MMP10233659,5.77e-168,487,98,Alteromonas_sp_SAMN10233659,K03781
375,K03781,2357_2855655360,5.77e-168,487,98,Alteromonas_oceani_S35,K03781
376,K03781,86_TARA_SAMEA2621222_METAG_NKFAIACL,6.3e-168,486,98,Alteromonas_sp_SAMEA2621222,K03781
377,K03781,357_TARA_SAMEA2621216_METAG_KOELIADL,6.3e-168,486,98,Alteromonas_sp_SAMEA2621216,K03781
378,K03781,2411_MALA_SAMN05422120_METAG_BOFCDAAO,1.95e-167,485,97,Alteromonas_confluentis_SAMN05422120,K03781
379,K03781,1250_2855643116,1.95e-167,485,97,Alteromonas_confluentis_KCTC_42603,K03781
380,K03781,448_TARA_SAMN05326649_METAG_SOC00002,4.19e-167,484,98,Alteromonas_sp_SAMN05326649,K03781
381,K03781,2650_TARA_SAMEA2623314_METAG_DIEBDOOH,4.19e-167,484,98,Alteromonas_sp_SAMEA2623314,K03781
382,K03781,2497_TARA_SAMEA2622197_METAG_GALLFCOI,4.19e-167,484,98,Alteromonas_sp_SAMEA2622197,K03781
383,K03781,568_TARA_SAMEA2622048_METAG_IMLALHCJ,4.19e-167,484,98,Alteromonas_sp_SAMEA2622048,K03781
384,K03781,2734_TARA_SAMEA2621839_METAG_MGLIPNEN,4.19e-167,484,98,Alteromonas_sp_SAMEA2621839,K03781
385,K03781,2746_TARA_SAMEA2621779_METAG_BKOBJOML,4.19e-167,484,98,Alteromonas_sp_SAMEA2621779_BKOBJOML,K03781
386,K03781,2795_TARA_SAMEA2621487_METAG_JEJEPAEM,4.19e-167,484,98,Alteromonas_sp_SAMEA2621487,K03781
387,K03781,3764_2841454579,4.52e-167,484,98,Alteromonas_sp_RKMC_009,K03781
388,K03781,27_2802429385,2.42e-166,483,98,Alteromonas_sp_RS411,K03781
389,K03781,4668_2844289591,4.5e-166,482,98,Alteromonas_alba_190,K03781
390,K03781,358_2855647486,1.19e-162,473,97,Alteromonas_indica_IO390401,K03781
391,K03781,2357_MALA_SAMN05421699_METAG_LKMOJPCD,2.38e-162,470,83,Alteromonas_macleodii_SAMN05421699,K03781
392,K03781,831_TARA_SAMEA2591098_METAG_ELBPFDCK,1.82e-161,467,83,Alteromonas_macleodii_SAMEA2591098,K03781
393,K03781,538_2651870152,2.5e-149,437,87,Alteromonas_macleodii_REDSEA_S10_B9,K03781
394,K03781,3505_2791355104,2.62e-132,398,96,Alteromonas_pelagimontana_512,K03781
395,K03781,3038_2710724218,5.18e-132,396,97,Alteromonas_sp_I10,K03781
396,K03781,1201_2855647486,1.68e-131,395,97,Alteromonas_indica_IO390401,K03781
397,K03781,802_MARD_SAMN05578452_REFG_MMP05578452,3.23e-131,394,97,Alteromonas_macleodii_SAMN05578452,K03781
398,K03781,2524_MALA_SAMN05422128_METAG_GFOMCGFD,3.23e-131,394,97,Alteromonas_macleodii_SAMN05422128,K03781
399,K03781,3644_MALA_SAMN05422114_METAG_HDMCNFBK,3.23e-131,394,97,Alteromonas_macleodii_SAMN05422114,K03781
400,K03781,3348_GCF_901446755.2,3.23e-131,394,97,Alteromonas_macleodii_83_1,K03781
401,K03781,3348_2738541262,3.23e-131,394,97,Alteromonas_macleodii_BGP14,K03781
402,K03781,3265_2738541261,3.23e-131,394,97,Alteromonas_macleodii_BGP9,K03781
403,K03781,3349_2738541260,3.23e-131,394,97,Alteromonas_macleodii_BGP6,K03781
404,K03781,3334_2521172683,5.92e-131,394,97,Alteromonas_macleodii_English_Channel_673,K03781
405,K03781,592_TARA_SAMEA2622676_METAG_KGFLKMBD,8.93e-131,393,97,Alteromonas_macleodii_SAMEA2622676,K03781
406,K03781,1896_BATS_SAMN07137114_METAG_HCBNBPJK,8.93e-131,393,97,Alteromonas_macleodii_SAMN07137114,K03781
407,K03781,3389_2785510739,8.93e-131,393,97,Alteromonas_macleodii_EZ55,K03781
408,K03781,3326_2687453488,8.93e-131,393,97,Alteromonas_macleodii_HOT1A3,K03781
409,K03781,3362_2521172706,9.32e-131,393,99,Alteromonas_macleodii_Balearic_Sea_AD45,K03781
410,K03781,3252_2554235747,1.65e-130,392,97,Alteromonas_macleodii_ATCC_27126,K03781
411,K03781,3327_2841458974,1.71e-130,392,97,Alteromonas_macleodii_Te101,K03781
412,K03781,1591_MALA_SAMN05422133_METAG_NBFINJIH,2.39e-130,392,97,Alteromonas_macleodii_SAMN05422133,K03781
413,K03781,69_GCF_023805395.1,2.94e-130,392,97,Alteromonas_macleodii_QZ9_9,K03781
414,K03781,2791_BGEO_SAMN07136711_METAG_NHALNJBN,8.04e-130,390,97,Alteromonas_macleodii_SAMN07136711,K03781
415,K03781,174_2651870155,9.56e-130,390,97,Alteromonas_macleodii_REDSEA_S15_B11,K03781
416,K03781,745_2651870153,9.56e-130,390,97,Alteromonas_macleodii_REDSEA_S12_B5,K03781
417,K03781,3759_2651870151,9.56e-130,390,97,Alteromonas_macleodii_REDSEA_S09_B2,K03781
418,K03781,2567_2899550177,1.74e-129,390,97,Alteromonas_portus_HB161718,K03781
419,K03781,4088_2899573643,4.85e-129,389,97,Alteromonas_sp_KUL17,K03781
420,K03781,2963_2855659987,5.6e-129,389,97,Alteromonas_abrolhosensis_PEL_67E,K03781
421,K03781,1041_2844285455,5.6e-129,389,97,Alteromonas_abrolhosensis_PEL_68C,K03781
422,K03781,1009_MALA_SAMN05421901_METAG_KALOONEP,8.58e-129,386,95,Alteromonas_macleodii_SAMN05421901,K03781
423,K03781,3418_2738541267,1.51e-128,387,97,Alteromonas_macleodii_MIT1002_Genome_closure,K03781
424,K03781,3231_2521172684,2.78e-128,387,97,Alteromonas_macleodii_Black_Sea_11,K03781
425,K03781,1762_TARA_SAMN05326644_METAG_PON00061,9.4e-128,385,96,Alteromonas_australica_SAMN05326644,K03781
426,K03781,3513_TARA_SAMEA2623826_METAG_OCIHHAIO,9.4e-128,385,96,Alteromonas_australica_SAMEA2623826,K03781
427,K03781,2738_TARA_SAMEA2623794_METAG_GMMKMDFK,9.4e-128,385,96,Alteromonas_australica_SAMEA2623794,K03781
428,K03781,1340_TARA_SAMEA2623513_METAG_PGGKNGAJ,9.4e-128,385,96,Alteromonas_australica_SAMEA2623513,K03781
429,K03781,1621_TARA_SAMEA2623314_METAG_DPHFBFLK,9.4e-128,385,96,Alteromonas_australica_SAMEA2623314,K03781
430,K03781,3008_TARA_SAMEA2623295_METAG_JAJGGAMP,9.4e-128,385,96,Alteromonas_australica_SAMEA2623295,K03781
431,K03781,1749_TARA_SAMEA2623135_METAG_DJILNNCH,9.4e-128,385,96,Alteromonas_australica_SAMEA2623135,K03781
432,K03781,1783_TARA_SAMEA2622923_METAG_FFMAPNPA,9.4e-128,385,96,Alteromonas_australica_SAMEA2622923,K03781
433,K03781,965_TARA_SAMEA2622823_METAG_PBNJCJBB,9.4e-128,385,96,Alteromonas_australica_SAMEA2622823,K03781
434,K03781,925_TARA_SAMEA2622801_METAG_LFPDDPPB,9.4e-128,385,96,Alteromonas_australica_SAMEA2622801,K03781
435,K03781,2845_TARA_SAMEA2622738_METAG_JDKGJOOG,9.4e-128,385,96,Alteromonas_australica_SAMEA2622738,K03781
436,K03781,1298_TARA_SAMEA2622737_METAG_EHIMIIMP,9.4e-128,385,96,Alteromonas_australica_SAMEA2622737,K03781
437,K03781,2936_TARA_SAMEA2622716_METAG_EODCONKG,9.4e-128,385,96,Alteromonas_australica_SAMEA2622716,K03781
438,K03781,1586_TARA_SAMEA2622696_METAG_FJMHLBNK,9.4e-128,385,96,Alteromonas_australica_SAMEA2622696,K03781
439,K03781,2670_TARA_SAMEA2622695_METAG_ILPHFPJJ,9.4e-128,385,96,Alteromonas_australica_SAMEA2622695,K03781
440,K03781,942_TARA_SAMEA2622690_METAG_DLAHHAJP,9.4e-128,385,96,Alteromonas_australica_SAMEA2622690,K03781
441,K03781,1346_TARA_SAMEA2622678_METAG_EMNMIPDN,9.4e-128,385,96,Alteromonas_australica_SAMEA2622678,K03781
442,K03781,3195_TARA_SAMEA2622673_METAG_KABGAJCP,9.4e-128,385,96,Alteromonas_australica_SAMEA2622673,K03781
443,K03781,237_TARA_SAMEA2622656_METAG_ONBBOINN,9.4e-128,385,96,Alteromonas_australica_SAMEA2622656,K03781
444,K03781,2142_TARA_SAMEA2622499_METAG_BNLJGNGC,9.4e-128,385,96,Alteromonas_australica_SAMEA2622499,K03781
445,K03781,3365_TARA_SAMEA2622402_METAG_IKPHBABN,9.4e-128,385,96,Alteromonas_australica_SAMEA2622402,K03781
446,K03781,1900_TARA_SAMEA2622197_METAG_COANOGOL,9.4e-128,385,96,COANOGOL,K03781
447,K03781,3313_TARA_SAMEA2622149_METAG_IIKHAJAF,9.4e-128,385,96,Alteromonas_australica_SAMEA2622149,K03781
448,K03781,3394_TARA_SAMEA2622119_METAG_AHJCKKBI,9.4e-128,385,96,Alteromonas_australica_SAMEA2622119,K03781
449,K03781,1511_TARA_SAMEA2622097_METAG_CBGOIALJ,9.4e-128,385,96,Alteromonas_australica_SAMEA2622097,K03781
450,K03781,1630_TARA_SAMEA2622048_METAG_DBDFGENL,9.4e-128,385,96,Alteromonas_australica_SAMEA2622048,K03781
451,K03781,2303_TARA_SAMEA2621812_METAG_NKJCGLGA,9.4e-128,385,96,Alteromonas_australica_SAMEA2621812,K03781
452,K03781,2361_TARA_SAMEA2621295_METAG_EFHEAJNM,9.4e-128,385,96,Alteromonas_australica_SAMEA2621295,K03781
453,K03781,810_TARA_SAMEA2621242_METAG_MFCNHMLF,9.4e-128,385,96,Alteromonas_australica_SAMEA2621242,K03781
454,K03781,2491_TARA_SAMEA2621232_METAG_LHMCJHIB,9.4e-128,385,96,Alteromonas_australica_SAMEA2621232,K03781
455,K03781,1366_TARA_SAMEA2621216_METAG_ANKHBPBN,9.4e-128,385,96,Alteromonas_australica_SAMEA2621216,K03781
456,K03781,2196_TARA_SAMEA2621204_METAG_JIFCLNHI,9.4e-128,385,96,Alteromonas_australica_SAMEA2621204,K03781
457,K03781,1113_TARA_SAMEA2621176_METAG_JENGLJNG,9.4e-128,385,96,Alteromonas_australica_SAMEA2621176,K03781
458,K03781,1052_TARA_SAMEA2621155_METAG_BMEOCPIO,9.4e-128,385,96,Alteromonas_australica_SAMEA2621155,K03781
459,K03781,998_TARA_SAMEA2621132_METAG_LILFEADH,9.4e-128,385,96,Alteromonas_australica_SAMEA2621132,K03781
460,K03781,2428_TARA_SAMEA2621101_METAG_LOPADGMB,9.4e-128,385,96,Alteromonas_australica_SAMEA2621101,K03781
461,K03781,2565_TARA_SAMEA2621099_METAG_AKPJHAOI,9.4e-128,385,96,Alteromonas_australica_SAMEA2621099,K03781
462,K03781,1119_TARA_SAMEA2621076_METAG_GINCPJEM,9.4e-128,385,96,Alteromonas_australica_SAMEA2621076,K03781
463,K03781,3255_TARA_SAMEA2621066_METAG_EHDOKGKK,9.4e-128,385,96,Alteromonas_australica_SAMEA2621066,K03781
464,K03781,264_TARA_SAMEA2621045_METAG_OHODKCPK,9.4e-128,385,96,Alteromonas_australica_SAMEA2621045,K03781
465,K03781,2687_TARA_SAMEA2621044_METAG_NOLHAABM,9.4e-128,385,96,Alteromonas_australica_SAMEA2621044,K03781
466,K03781,2993_TARA_SAMEA2621037_METAG_BOIEAKJP,9.4e-128,385,96,Alteromonas_australica_SAMEA2621037,K03781
467,K03781,3427_TARA_SAMEA2621021_METAG_JAJGGMJP,9.4e-128,385,96,Alteromonas_australica_SAMEA2621021,K03781
468,K03781,3413_TARA_SAMEA2621020_METAG_DGKNMHLE,9.4e-128,385,96,Alteromonas_australica_SAMEA2621020,K03781
469,K03781,1272_TARA_SAMEA2620882_METAG_GJEPBGGD,9.4e-128,385,96,Alteromonas_australica_SAMEA2620882,K03781
470,K03781,2997_TARA_SAMEA2620217_METAG_KNGANELN,9.4e-128,385,96,Alteromonas_australica_SAMEA2620217,K03781
471,K03781,2558_TARA_SAMEA2620198_METAG_KLFKEFEP,9.4e-128,385,96,Alteromonas_australica_SAMEA2620198,K03781
472,K03781,874_TARA_SAMEA2620065_METAG_OKKLCHLP,9.4e-128,385,96,Alteromonas_australica_SAMEA2620065,K03781
473,K03781,986_TARA_SAMEA2619974_METAG_DFCIFEPC,9.4e-128,385,96,DFCIFEPC,K03781
474,K03781,1731_TARA_SAMEA2591132_METAG_KHLCFNJJ,9.4e-128,385,96,Alteromonas_australica_SAMEA2591132,K03781
475,K03781,2216_MALA_SAMN05422104_METAG_FCEGNAFB,9.4e-128,385,96,Alteromonas_australica_SAMN05422104,K03781
476,K03781,294_MALA_SAMN05421660_METAG_DPEMGBDK,9.4e-128,385,96,DPEMGBDK,K03781
477,K03781,558_GCF_015767655.1,9.4e-128,385,96,Alteromonas_sp_B31_7,K03781
478,K03781,264_BGEO_SAMN07136708_METAG_KMOHFEJM,9.4e-128,385,96,Alteromonas_australica_SAMN07136708,K03781
479,K03781,2614_2802429386,9.4e-128,385,96,Alteromonas_sp_NP15,K03781
480,K03781,130_2802429350,9.4e-128,385,96,Alteromonas_sp_ARS20,K03781
481,K03781,141_MARD_SAMN10134660_REFG_MMP10134660,2.1e-127,385,97,Alteromonas_sp_SAMN10134660,K03781
482,K03781,2000_GCF_003443615.1,2.1e-127,385,97,Alteromonas_sp_BL110,K03781
483,K03781,1159_TARA_SAMEA2621779_METAG_AKPKIDGA,2.33e-127,384,96,Alteromonas_australica_SAMEA2621779,K03781
484,K03781,912_TARA_SAMEA2621092_METAG_JEDFGNEM,2.33e-127,384,96,Alteromonas_australica_SAMEA2621092,K03781
485,K03781,1030_TARA_SAMEA2621013_METAG_FHBCEPPH,2.33e-127,384,96,Alteromonas_australica_SAMEA2621013,K03781
486,K03781,1330_TARA_SAMEA2620995_METAG_BFDFBIKP,2.33e-127,384,96,Alteromonas_australica_SAMEA2620995,K03781
487,K03781,848_MALA_SAMN05422121_METAG_OGAMKLHO,2.33e-127,384,96,Alteromonas_australica_SAMN05422121,K03781
488,K03782,3020_TARA_SAMEA2622119_METAG_BOODJKMH,0,1574,100,Alteromonas_macleodii_SAMEA2622119,K03782
489,K03782,77_TARA_SAMEA2620542_METAG_MEOGFAGI,0,1574,100,Alteromonas_macleodii_SAMEA2620542,K03782
490,K03782,2155_TARA_SAMEA2620413_METAG_HJGOFLNN,0,1574,100,Alteromonas_macleodii_SAMEA2620413,K03782
491,K03782,2411_TARA_SAMEA2620035_METAG_KKMHIJLM,0,1574,100,Alteromonas_macleodii_SAMEA2620035,K03782
492,K03782,1256_TARA_SAMEA2620021_METAG_NHAIJEJL,0,1574,100,Alteromonas_macleodii_SAMEA2620021,K03782
493,K03782,510_MALA_SAMN05422195_METAG_GNIPIPMH,0,1574,100,Alteromonas_macleodii_SAMN05422195,K03782
494,K03782,2298_MALA_SAMN05422168_METAG_KJDAIKNE,0,1574,100,Alteromonas_macleodii_SAMN05422168,K03782
495,K03782,761_MALA_SAMN05422149_METAG_GLMHGCOP,0,1574,100,Alteromonas_macleodii_SAMN05422149,K03782
496,K03782,2576_MALA_SAMN05422133_METAG_NBFINJIH,0,1574,100,Alteromonas_macleodii_SAMN05422133,K03782
497,K03782,456_MALA_SAMN05422121_METAG_EKAOPGOL,0,1574,100,Alteromonas_macleodii_SAMN05422121,K03782
498,K03782,677_MALA_SAMN05422120_METAG_GPIHLFDL,0,1574,100,Alteromonas_macleodii_SAMN05422120,K03782
499,K03782,2028_MALA_SAMN05422113_METAG_BGGGCIFH,0,1574,100,Alteromonas_macleodii_SAMN05422113,K03782
500,K03782,1988_MALA_SAMN05421707_METAG_GFCKOHMB,0,1574,100,Alteromonas_macleodii_SAMN05421707,K03782
501,K03782,553_MALA_SAMN05421706_METAG_CKJAFDPA,0,1574,100,Alteromonas_macleodii_SAMN05421706,K03782
502,K03782,1387_MALA_SAMN05422183_METAG_FCADMKDN,0,1573,100,Alteromonas_macleodii_SAMN05422183,K03782
503,K03782,3999_GCF_023805395.1,0,1573,100,Alteromonas_macleodii_QZ9_9,K03782
504,K03782,312_TARA_SAMEA2620828_METAG_NCPOODDG,0,1573,100,Alteromonas_macleodii_SAMEA2620828,K03782
505,K03782,2775_MALA_SAMN05422191_METAG_FAHFBJCK,0,1573,100,Alteromonas_macleodii_SAMN05422191,K03782
506,K03782,1688_BGEO_SAMN07136718_METAG_FMLMDJCG,0,1573,100,Alteromonas_macleodii_SAMN07136718,K03782
507,K03782,3100_2554235747,0,1573,100,Alteromonas_macleodii_ATCC_27126,K03782
508,K03782,1839_2554235747,0,1573,100,Alteromonas_macleodii_ATCC_27126,K03782
509,K03782,927_TARA_SAMEA2623513_METAG_EOFNCJHB,0,1573,100,Alteromonas_macleodii_SAMEA2623513,K03782
510,K03782,3100_TARA_SAMEA2623390_METAG_LDEBDOEH,0,1573,100,Alteromonas_macleodii_SAMEA2623390,K03782
511,K03782,1513_TARA_SAMEA2623370_METAG_BGGPHFHM,0,1573,100,Alteromonas_macleodii_SAMEA2623370,K03782
512,K03782,1385_TARA_SAMEA2623314_METAG_CFMLMODN,0,1573,100,Alteromonas_macleodii_SAMEA2623314,K03782
513,K03782,2874_TARA_SAMEA2623098_METAG_BOAFAAIF,0,1573,100,Alteromonas_macleodii_SAMEA2623098,K03782
514,K03782,2869_TARA_SAMEA2622843_METAG_KKMNMCOG,0,1573,100,Alteromonas_macleodii_SAMEA2622843,K03782
515,K03782,2156_TARA_SAMEA2622823_METAG_GLPNBIDC,0,1573,100,Alteromonas_macleodii_SAMEA2622823,K03782
516,K03782,2513_TARA_SAMEA2622801_METAG_OACOIKDG,0,1573,100,Alteromonas_macleodii_SAMEA2622801,K03782
517,K03782,1391_TARA_SAMEA2622799_METAG_POKHDFDG,0,1573,100,Alteromonas_macleodii_SAMEA2622799,K03782
518,K03782,2704_TARA_SAMEA2622765_METAG_HBCOMCNP,0,1573,100,Alteromonas_macleodii_SAMEA2622765,K03782
519,K03782,638_TARA_SAMEA2622738_METAG_BIOCPOLN,0,1573,100,Alteromonas_macleodii_SAMEA2622738,K03782
520,K03782,516_TARA_SAMEA2622736_METAG_KEKDHEDF,0,1573,100,Alteromonas_macleodii_SAMEA2622736,K03782
521,K03782,2286_TARA_SAMEA2622716_METAG_FPHJFONJ,0,1573,100,Alteromonas_macleodii_SAMEA2622716,K03782
522,K03782,1041_TARA_SAMEA2622696_METAG_PINHKBMF,0,1573,100,Alteromonas_macleodii_SAMEA2622696,K03782
523,K03782,2684_TARA_SAMEA2622695_METAG_CLGIMKPC,0,1573,100,Alteromonas_macleodii_SAMEA2622695,K03782
524,K03782,1323_TARA_SAMEA2622694_METAG_CCCHGPBM,0,1573,100,Alteromonas_macleodii_SAMEA2622694,K03782
525,K03782,2978_TARA_SAMEA2622678_METAG_NJLMMAFG,0,1573,100,Alteromonas_macleodii_SAMEA2622678,K03782
526,K03782,1121_TARA_SAMEA2622677_METAG_NFILEFMO,0,1573,100,Alteromonas_macleodii_SAMEA2622677,K03782
527,K03782,656_TARA_SAMEA2622676_METAG_KGFLKMBD,0,1573,100,Alteromonas_macleodii_SAMEA2622676,K03782
528,K03782,2719_TARA_SAMEA2622429_METAG_FNNAGCCN,0,1573,100,Alteromonas_macleodii_SAMEA2622429,K03782
529,K03782,3298_TARA_SAMEA2622357_METAG_MMNPPCIF,0,1573,100,Alteromonas_macleodii_SAMEA2622357,K03782
530,K03782,1308_TARA_SAMEA2622149_METAG_NNHLKHHL,0,1573,100,Alteromonas_macleodii_SAMEA2622149,K03782
531,K03782,969_TARA_SAMEA2621839_METAG_PGLOPPIJ,0,1573,100,Alteromonas_macleodii_SAMEA2621839,K03782
532,K03782,918_TARA_SAMEA2621287_METAG_MNDFFPHI,0,1573,100,Alteromonas_macleodii_SAMEA2621287,K03782
533,K03782,1064_TARA_SAMEA2621260_METAG_POCDJBFE,0,1573,100,Alteromonas_macleodii_SAMEA2621260,K03782
534,K03782,867_TARA_SAMEA2621232_METAG_EBHOLINI,0,1573,100,Alteromonas_macleodii_SAMEA2621232,K03782
535,K03782,2282_TARA_SAMEA2621099_METAG_HKJHHJDF,0,1573,100,Alteromonas_macleodii_SAMEA2621099,K03782
536,K03782,1562_TARA_SAMEA2621044_METAG_JOAMDGOD,0,1573,100,Alteromonas_macleodii_SAMEA2621044,K03782
537,K03782,250_TARA_SAMEA2621037_METAG_GHKOIDBF,0,1573,100,Alteromonas_macleodii_SAMEA2621037,K03782
538,K03782,1180_TARA_SAMEA2620995_METAG_JALHFPLJ,0,1573,100,Alteromonas_macleodii_SAMEA2620995,K03782
539,K03782,579_TARA_SAMEA2620815_METAG_EEKNENIE,0,1573,100,Alteromonas_macleodii_SAMEA2620815,K03782
540,K03782,1173_TARA_SAMEA2620194_METAG_JCEANMAI,0,1573,100,Alteromonas_macleodii_SAMEA2620194,K03782
541,K03782,1227_TARA_SAMEA2620065_METAG_EFBPEMOE,0,1573,100,Alteromonas_macleodii_SAMEA2620065,K03782
542,K03782,2594_TARA_SAMEA2620000_METAG_KDOCHGCC,0,1573,100,Alteromonas_macleodii_SAMEA2620000,K03782
543,K03782,522_TARA_SAMEA2619974_METAG_MIENHEPK,0,1573,100,MIENHEPK,K03782
544,K03782,3525_MARD_SAMN05578452_REFG_MMP05578452,0,1573,100,Alteromonas_macleodii_SAMN05578452,K03782
545,K03782,3140_MALA_SAMN05422226_METAG_LFOGBKLO,0,1573,100,Alteromonas_macleodii_SAMN05422226,K03782
546,K03782,384_MALA_SAMN05422188_METAG_NPFLJJIF,0,1573,100,Alteromonas_macleodii_SAMN05422188,K03782
547,K03782,2805_MALA_SAMN05422164_METAG_ENHHGIGI,0,1573,100,Alteromonas_macleodii_SAMN05422164,K03782
548,K03782,1060_MALA_SAMN05422138_METAG_COKPJGJJ,0,1573,100,Alteromonas_macleodii_SAMN05422138,K03782
549,K03782,1684_MALA_SAMN05422128_METAG_GFOMCGFD,0,1573,100,Alteromonas_macleodii_SAMN05422128,K03782
550,K03782,1335_MALA_SAMN05422123_METAG_AHNLNHFL,0,1573,100,Alteromonas_macleodii_SAMN05422123,K03782
551,K03782,3120_MALA_SAMN05422122_METAG_JKIINEFM,0,1573,100,Alteromonas_macleodii_SAMN05422122,K03782
552,K03782,591_MALA_SAMN05422115_METAG_EILAGLKN,0,1573,100,Alteromonas_macleodii_SAMN05422115,K03782
553,K03782,2972_MALA_SAMN05422114_METAG_HDMCNFBK,0,1573,100,Alteromonas_macleodii_SAMN05422114,K03782
554,K03782,2685_MALA_SAMN05422107_METAG_FBOLMPMJ,0,1573,100,Alteromonas_macleodii_SAMN05422107,K03782
555,K03782,225_MALA_SAMN05421660_METAG_BCLNBHCC,0,1573,100,Alteromonas_macleodii_SAMN05421660,K03782
556,K03782,2854_MALA_SAMN05421563_METAG_OGDDIGDA,0,1573,100,Alteromonas_macleodii_SAMN05421563,K03782
557,K03782,3197_GCF_901446755.2,0,1573,100,Alteromonas_macleodii_83_1,K03782
558,K03782,1716_2802429384,0,1573,100,Alteromonas_sp_NP46,K03782
559,K03782,3236_2738541267,0,1573,100,Alteromonas_macleodii_MIT1002_Genome_closure,K03782
560,K03782,3197_2738541262,0,1573,100,Alteromonas_macleodii_BGP14,K03782
561,K03782,3114_2738541261,0,1573,100,Alteromonas_macleodii_BGP9,K03782
562,K03782,3198_2738541260,0,1573,100,Alteromonas_macleodii_BGP6,K03782
563,K03782,3168_2687453488,0,1573,100,Alteromonas_macleodii_HOT1A3,K03782
564,K03782,3183_2521172683,0,1573,100,Alteromonas_macleodii_English_Channel_673,K03782
565,K03782,2156_TARA_SAMEA2621155_METAG_FAPDAFJA,0,1572,100,Alteromonas_macleodii_SAMEA2621155,K03782
566,K03782,274_TARA_SAMEA2620882_METAG_GFDHHHGO,0,1572,100,Alteromonas_macleodii_SAMEA2620882,K03782
567,K03782,1202_TARA_SAMEA2619970_METAG_GKNKAGAI,0,1572,100,Alteromonas_macleodii_SAMEA2619970,K03782
568,K03782,3236_2785510739,0,1572,100,Alteromonas_macleodii_EZ55,K03782
569,K03782,2215_TARA_SAMEA2622197_METAG_BDHOEKBL,0,1572,100,Alteromonas_macleodii_SAMEA2622197,K03782
570,K03782,736_MALA_SAMN05422165_METAG_PMFBPPCL,0,1572,100,Alteromonas_macleodii_SAMN05422165,K03782
571,K03782,2731_MALA_SAMN05421913_METAG_FAHHIFON,0,1572,100,Alteromonas_macleodii_SAMN05421913,K03782
572,K03782,1426_2710724218,0,1572,100,Alteromonas_sp_I10,K03782
573,K03782,2348_MALA_SAMN05422106_METAG_IKNIELCH,0,1571,100,Alteromonas_macleodii_SAMN05422106,K03782
574,K03782,3179_2841458974,0,1571,100,Alteromonas_macleodii_Te101,K03782
575,K03782,2706_2899573643,0,1571,100,Alteromonas_sp_KUL17,K03782
576,K03782,108_2802429355,0,1571,100,Alteromonas_sp_EAC615,K03782
577,K03782,2925_TARA_SAMEA2623155_METAG_HDJJLLJM,0,1571,100,Alteromonas_macleodii_SAMEA2623155,K03782
578,K03782,2606_TARA_SAMEA2622402_METAG_LANBCGIM,0,1571,100,Alteromonas_macleodii_SAMEA2622402,K03782
579,K03782,1383_TARA_SAMEA2622376_METAG_BHCALEEO,0,1571,100,Alteromonas_macleodii_SAMEA2622376,K03782
580,K03782,1727_TARA_SAMEA2622336_METAG_IANBPKNL,0,1571,100,Alteromonas_macleodii_SAMEA2622336,K03782
581,K03782,1314_TARA_SAMEA2622219_METAG_OLKBBLOM,0,1571,100,Alteromonas_macleodii_SAMEA2622219,K03782
582,K03782,3061_TARA_SAMEA2622097_METAG_CJDFGJHP,0,1571,100,Alteromonas_macleodii_SAMEA2622097,K03782
583,K03782,3505_TARA_SAMEA2621423_METAG_ACNBNNHJ,0,1571,100,Alteromonas_macleodii_SAMEA2621423,K03782
584,K03782,597_TARA_SAMEA2621204_METAG_BCMHBGAK,0,1571,100,Alteromonas_macleodii_SAMEA2621204,K03782
585,K03782,2065_TARA_SAMEA2621076_METAG_KBKFGPDA,0,1571,100,Alteromonas_macleodii_SAMEA2621076,K03782
586,K03782,1358_TARA_SAMEA2621021_METAG_MKIGFGMC,0,1571,100,Alteromonas_macleodii_SAMEA2621021,K03782
587,K03782,1876_TARA_SAMEA2620734_METAG_NONNIGNP,0,1570,100,Alteromonas_macleodii_SAMEA2620734,K03782
588,K03782,1534_BGEO_SAMN07136711_METAG_NHALNJBN,0,1570,100,Alteromonas_macleodii_SAMN07136711,K03782
589,K03782,2397_TARA_SAMEA2622800_METAG_PLGNBFNB,0,1570,100,Alteromonas_macleodii_SAMEA2622800,K03782
590,K03782,1429_TARA_SAMEA2622568_METAG_DIBMGPDO,0,1570,100,Alteromonas_macleodii_SAMEA2622568,K03782
591,K03782,3060_2698537011,0,1570,100,Alteromonas_sp_BZK5,K03782
592,K03782,3286_2684623206,0,1570,100,Alteromonas_macleodii_D7,K03782
593,K03782,1417_TARA_SAMEA2591098_METAG_ELBPFDCK,0,1569,100,Alteromonas_macleodii_SAMEA2591098,K03782
594,K03782,1812_BGEO_SAMN07136589_METAG_DDMJICEB,0,1569,100,Alteromonas_macleodii_SAMN07136589,K03782
595,K03782,2901_TARA_SAMEA2620217_METAG_OENHAHFA,0,1568,100,Alteromonas_macleodii_SAMEA2620217,K03782
596,K03782,1814_TARA_SAMEA2623649_METAG_NIKIPLNN,0,1568,100,Alteromonas_macleodii_SAMEA2623649,K03782
597,K03782,532_TARA_SAMEA2623794_METAG_NBFOODCE,0,1567,100,Alteromonas_macleodii_SAMEA2623794,K03782
598,K03782,3637_TARA_SAMEA2623756_METAG_DMBINDKP,0,1567,100,Alteromonas_macleodii_SAMEA2623756,K03782
599,K03782,1962_TARA_SAMEA2622923_METAG_PHDMIKKF,0,1567,100,Alteromonas_macleodii_SAMEA2622923,K03782
600,K03782,3124_TARA_SAMEA2622733_METAG_LJOLBPGP,0,1567,100,Alteromonas_macleodii_SAMEA2622733,K03782
601,K03782,3663_TARA_SAMEA2622545_METAG_KEGJKDAO,0,1567,100,Alteromonas_macleodii_SAMEA2622545,K03782
602,K03782,1178_TARA_SAMEA2622499_METAG_AGKMCDCN,0,1567,100,Alteromonas_macleodii_SAMEA2622499,K03782
603,K03782,3119_TARA_SAMEA2622478_METAG_OEBMNELG,0,1567,100,Alteromonas_macleodii_SAMEA2622478,K03782
604,K03782,2743_TARA_SAMEA2620259_METAG_OHBFMFFC,0,1567,100,Alteromonas_macleodii_SAMEA2620259,K03782
605,K03782,887_2915794133,0,1567,100,Alteromonas_sp_07_89_2,K03782
606,K03782,88_BATS_SAMN07137114_METAG_HCBNBPJK,0,1566,100,Alteromonas_macleodii_SAMN07137114,K03782
607,K03782,1840_2651870155,0,1545,100,Alteromonas_macleodii_REDSEA_S15_B11,K03782
608,K03782,1000_2651870153,0,1545,100,Alteromonas_macleodii_REDSEA_S12_B5,K03782
609,K03782,3610_2651870151,0,1545,100,Alteromonas_macleodii_REDSEA_S09_B2,K03782
610,K03782,204_MALA_SAMN05422127_METAG_GFKECADP,0,1543,98,Alteromonas_macleodii_SAMN05422127,K03782
611,K03782,3135_2855659987,0,1542,100,Alteromonas_abrolhosensis_PEL_67E,K03782
612,K03782,3622_2844285455,0,1542,100,Alteromonas_abrolhosensis_PEL_68C,K03782
613,K03782,3087_2521172684,0,1542,100,Alteromonas_macleodii_Black_Sea_11,K03782
614,K03782,1701_2802429353,0,1538,100,Alteromonas_sp_IN32,K03782
615,K03782,3054_2899550177,0,1538,100,Alteromonas_portus_HB161718,K03782
616,K03782,2611_BGEO_SAMN07136715_METAG_KOEDIAMF,0,1536,100,Alteromonas_sp_SAMN07136715,K03782
617,K03782,1082_MARD_SAMN10134660_REFG_MMP10134660,0,1528,100,Alteromonas_sp_SAMN10134660,K03782
618,K03782,2157_GCF_003443615.1,0,1528,100,Alteromonas_sp_BL110,K03782
619,K03782,2536_2802429382,0,1523,100,Alteromonas_sp_NAT174,K03782
620,K03782,3236_MARD_SAMN07626136_REFG_MMP07626136,0,1496,100,Alteromonas_gracilis_SAMN07626136,K03782
621,K03782,2646_2731958078,0,1496,100,Alteromonas_sp_TK_46_2__DSM_26665,K03782
622,K03782,1909_2899569661,0,1496,100,Alteromonas_sp_KUL150,K03782
623,K03782,3092_2718217925,0,1494,100,Alteromonas_sp_Mex14,K03782
624,K03782,2952_2721755798,0,1476,100,Alteromonas_mediterranea_CP49,K03782
625,K03782,2932_2721755611,0,1476,100,Alteromonas_mediterranea_AR43,K03782
626,K03782,3322_2561511205,0,1476,100,Alteromonas_macleodii__English_Channel_615_,K03782
627,K03782,3121_2561511203,0,1476,100,Alteromonas_macleodii__Ionian_Sea_U4_,K03782
628,K03782,3162_2554235400,0,1476,100,Alteromonas_macleodii__Ionian_Sea_U8_,K03782
629,K03782,3167_2554235399,0,1476,100,Alteromonas_macleodii__Ionian_Sea_U7_,K03782
630,K03782,2870_GCF_006517115.1,0,1475,100,Alteromonas_mediterranea_PT15,K03782
631,K03782,2902_2718218105,0,1474,100,Alteromonas_mediterranea_CP48,K03782
632,K03782,2960_GCF_006517095.1,0,1474,100,Alteromonas_mediterranea_PT11,K03782
633,K03782,2979_GCF_009759785.1,0,1473,100,Alteromonas_mediterranea_AltCH17,K03782
634,K03782,3279_2687453642,0,1473,100,Alteromonas_mediterranea_UM8,K03782
635,K03782,3550_2687453526,0,1473,100,Alteromonas_mediterranea_U10,K03782
636,K03782,3310_2561511204,0,1473,100,Alteromonas_macleodii__Ionian_Sea_UM7_,K03782
637,K03782,3164_2554235401,0,1473,100,Alteromonas_macleodii__Ionian_Sea_UM4b_,K03782
638,K03782,3324_2521172685,0,1473,100,Alteromonas_macleodii_AltDE1,K03782
639,K03782,3293_2721755799,0,1472,100,Alteromonas_mediterranea_RG65,K03782
640,K03782,473_TARA_SAMEA2591074_METAG_KDMPNFOL,0,1472,100,Alteromonas_mediterranea_SAMEA2591074,K03782
641,K03782,2330_MALA_SAMN05422165_METAG_JAPLNBCC,0,1472,100,Alteromonas_mediterranea_SAMN05422165,K03782
642,K03782,308_BGEO_SAMN07136710_METAG_KAKDCGPF,0,1472,100,Alteromonas_mediterranea_SAMN07136710,K03782
643,K03782,3241_642555105,0,1472,100,Alteromonas_mediterranea_DE,K03782
644,K03782,1154_TARA_SAMEA2620198_METAG_NOKDNNFF,0,1469,100,Alteromonas_mediterranea_SAMEA2620198,K03782
645,K03782,3213_GCF_016756335.1,0,1469,99,Alteromonas_sp_KC14,K03782
646,K03782,3231_GCF_016756315.1,0,1469,99,Alteromonas_sp_KC3,K03782
647,K03782,2044_BGEO_SAMN07136708_METAG_BAHNCNMJ,0,1469,100,BAHNCNMJ,K03782
648,K03782,3091_2545824627,0,1468,100,Alteromonas_macleodii__Aegean_Sea_MED64_,K03782
649,K03782,3884_2899557523,0,1466,100,Alteromonas_sp_KUL106,K03782
650,K03782,163_2524614846,0,1463,100,Alteromonas_sp_ALT199,K03782
651,K03782,775_BGEO_SAMN07136709_METAG_OCCKODGL,0,1450,100,Alteromonas_sp_SAMN07136709,K03782
652,K03782,225_TARA_SAMEA2591057_METAG_JFGAADBD,0,1426,100,Alteromonas_sp_SAMEA2591057,K03782
653,K03782,2169_2855651425,0,1424,100,Alteromonas_sp_V450,K03782
654,K03782,1422_2902028997,0,1424,100,Alteromonas_sp_KUL42,K03782
655,K03782,2371_MALA_SAMN05422169_METAG_JIKBLNIN,0,1420,90,Alteromonas_macleodii_SAMN05422169,K03782
656,K03782,2338_MALA_SAMN05422130_METAG_DBLLJBCG,0,1371,99,Alteromonas_sp_SAMN05422130,K03782
657,K03782,1379_2802429358,0,1370,99,Alteromonas_sp_MED668,K03782
658,K03782,3749_2857284938,0,1366,99,Alteromonas_sp_LOR,K03782
659,K03782,3446_2751185844,0,1366,99,Alteromonas_sp_LTR,K03782
660,K03782,2998_2721755521,0,1362,100,Alteromonas_sp_RW2A1,K03782
661,K03782,1694_2802429381,0,1361,100,Alteromonas_sp_MED681,K03782
662,K03782,3148_2775506997,0,1357,100,Alteromonas_sp_MB_3u_76,K03782
663,K03782,644_TARA_SAMN05326644_METAG_PON00061,0,1332,99,Alteromonas_australica_SAMN05326644,K03782
664,K03782,3473_TARA_SAMEA2623826_METAG_OCIHHAIO,0,1332,99,Alteromonas_australica_SAMEA2623826,K03782
665,K03782,1824_TARA_SAMEA2623794_METAG_GMMKMDFK,0,1332,99,Alteromonas_australica_SAMEA2623794,K03782
666,K03782,1701_TARA_SAMEA2623426_METAG_KGGHKKNJ,0,1332,99,Alteromonas_australica_SAMEA2623426,K03782
667,K03782,1562_TARA_SAMEA2623314_METAG_DPHFBFLK,0,1332,99,Alteromonas_australica_SAMEA2623314,K03782
668,K03782,1246_TARA_SAMEA2623295_METAG_JAJGGAMP,0,1332,99,Alteromonas_australica_SAMEA2623295,K03782
669,K03782,1709_TARA_SAMEA2623135_METAG_DJILNNCH,0,1332,99,Alteromonas_australica_SAMEA2623135,K03782
670,K03782,1612_TARA_SAMEA2622923_METAG_FFMAPNPA,0,1332,99,Alteromonas_australica_SAMEA2622923,K03782
671,K03782,2269_TARA_SAMEA2622823_METAG_PBNJCJBB,0,1332,99,Alteromonas_australica_SAMEA2622823,K03782
672,K03782,1087_TARA_SAMEA2622738_METAG_JDKGJOOG,0,1332,99,Alteromonas_australica_SAMEA2622738,K03782
673,K03782,2709_TARA_SAMEA2622737_METAG_EHIMIIMP,0,1332,99,Alteromonas_australica_SAMEA2622737,K03782
674,K03782,297_TARA_SAMEA2622716_METAG_EODCONKG,0,1332,99,Alteromonas_australica_SAMEA2622716,K03782
675,K03782,3007_TARA_SAMEA2622696_METAG_FJMHLBNK,0,1332,99,Alteromonas_australica_SAMEA2622696,K03782
676,K03782,913_TARA_SAMEA2622695_METAG_ILPHFPJJ,0,1332,99,Alteromonas_australica_SAMEA2622695,K03782
677,K03782,814_TARA_SAMEA2622690_METAG_DLAHHAJP,0,1332,99,Alteromonas_australica_SAMEA2622690,K03782
678,K03782,1275_TARA_SAMEA2622678_METAG_EMNMIPDN,0,1332,99,Alteromonas_australica_SAMEA2622678,K03782
679,K03782,317_TARA_SAMEA2622499_METAG_BNLJGNGC,0,1332,99,Alteromonas_australica_SAMEA2622499,K03782
680,K03782,3348_TARA_SAMEA2622402_METAG_IKPHBABN,0,1332,99,Alteromonas_australica_SAMEA2622402,K03782
681,K03782,346_TARA_SAMEA2622197_METAG_COANOGOL,0,1332,99,COANOGOL,K03782
682,K03782,1485_TARA_SAMEA2622149_METAG_IIKHAJAF,0,1332,99,Alteromonas_australica_SAMEA2622149,K03782
683,K03782,1648_TARA_SAMEA2622119_METAG_AHJCKKBI,0,1332,99,Alteromonas_australica_SAMEA2622119,K03782
684,K03782,3162_TARA_SAMEA2622097_METAG_CBGOIALJ,0,1332,99,Alteromonas_australica_SAMEA2622097,K03782
685,K03782,2058_TARA_SAMEA2621812_METAG_NKJCGLGA,0,1332,99,Alteromonas_australica_SAMEA2621812,K03782
686,K03782,2116_TARA_SAMEA2621779_METAG_AKPKIDGA,0,1332,99,Alteromonas_australica_SAMEA2621779,K03782
687,K03782,2000_TARA_SAMEA2621204_METAG_JIFCLNHI,0,1332,99,Alteromonas_australica_SAMEA2621204,K03782
688,K03782,2400_TARA_SAMEA2621176_METAG_JENGLJNG,0,1332,99,Alteromonas_australica_SAMEA2621176,K03782
689,K03782,794_TARA_SAMEA2621101_METAG_LOPADGMB,0,1332,99,Alteromonas_australica_SAMEA2621101,K03782
690,K03782,2667_TARA_SAMEA2621076_METAG_GINCPJEM,0,1332,99,Alteromonas_australica_SAMEA2621076,K03782
691,K03782,1242_TARA_SAMEA2621066_METAG_EHDOKGKK,0,1332,99,Alteromonas_australica_SAMEA2621066,K03782
692,K03782,571_TARA_SAMEA2621045_METAG_OHODKCPK,0,1332,99,Alteromonas_australica_SAMEA2621045,K03782
693,K03782,2907_TARA_SAMEA2621037_METAG_BOIEAKJP,0,1332,99,Alteromonas_australica_SAMEA2621037,K03782
694,K03782,1363_TARA_SAMEA2621021_METAG_JAJGGMJP,0,1332,99,Alteromonas_australica_SAMEA2621021,K03782
695,K03782,2473_TARA_SAMEA2591132_METAG_KHLCFNJJ,0,1332,99,Alteromonas_australica_SAMEA2591132,K03782
696,K03782,2475_MALA_SAMN05422121_METAG_OGAMKLHO,0,1332,99,Alteromonas_australica_SAMN05422121,K03782
697,K03782,315_MALA_SAMN05422104_METAG_FCEGNAFB,0,1332,99,Alteromonas_australica_SAMN05422104,K03782
698,K03782,177_BGEO_SAMN07136708_METAG_KMOHFEJM,0,1332,99,Alteromonas_australica_SAMN07136708,K03782
699,K03782,2036_2802429386,0,1332,99,Alteromonas_sp_NP15,K03782
700,K03782,2640_TARA_SAMEA2623513_METAG_PGGKNGAJ,0,1332,99,Alteromonas_australica_SAMEA2623513,K03782
701,K03782,2216_TARA_SAMEA2622801_METAG_LFPDDPPB,0,1332,99,Alteromonas_australica_SAMEA2622801,K03782
702,K03782,2888_TARA_SAMEA2622673_METAG_KABGAJCP,0,1332,99,Alteromonas_australica_SAMEA2622673,K03782
703,K03782,1120_TARA_SAMEA2622048_METAG_DBDFGENL,0,1332,99,Alteromonas_australica_SAMEA2622048,K03782
704,K03782,2055_TARA_SAMEA2621295_METAG_EFHEAJNM,0,1332,99,Alteromonas_australica_SAMEA2621295,K03782
705,K03782,309_TARA_SAMEA2621242_METAG_MFCNHMLF,0,1332,99,Alteromonas_australica_SAMEA2621242,K03782
706,K03782,794_TARA_SAMEA2621232_METAG_LHMCJHIB,0,1332,99,Alteromonas_australica_SAMEA2621232,K03782
707,K03782,1293_TARA_SAMEA2621216_METAG_ANKHBPBN,0,1332,99,Alteromonas_australica_SAMEA2621216,K03782
708,K03782,842_TARA_SAMEA2621155_METAG_BMEOCPIO,0,1332,99,Alteromonas_australica_SAMEA2621155,K03782
709,K03782,339_TARA_SAMEA2621132_METAG_LILFEADH,0,1332,99,Alteromonas_australica_SAMEA2621132,K03782
710,K03782,942_TARA_SAMEA2621099_METAG_AKPJHAOI,0,1332,99,Alteromonas_australica_SAMEA2621099,K03782
711,K03782,743_TARA_SAMEA2621092_METAG_JEDFGNEM,0,1332,99,Alteromonas_australica_SAMEA2621092,K03782
712,K03782,2478_TARA_SAMEA2621044_METAG_NOLHAABM,0,1332,99,Alteromonas_australica_SAMEA2621044,K03782
713,K03782,1469_TARA_SAMEA2621020_METAG_DGKNMHLE,0,1332,99,Alteromonas_australica_SAMEA2621020,K03782
714,K03782,2483_TARA_SAMEA2621013_METAG_FHBCEPPH,0,1332,99,Alteromonas_australica_SAMEA2621013,K03782
715,K03782,1238_TARA_SAMEA2620995_METAG_BFDFBIKP,0,1332,99,Alteromonas_australica_SAMEA2620995,K03782
716,K03782,1120_TARA_SAMEA2620882_METAG_GJEPBGGD,0,1332,99,Alteromonas_australica_SAMEA2620882,K03782
717,K03782,2591_2802429356,0,1332,99,Alteromonas_sp_EAC37,K03782
718,K03782,646_2802429354,0,1332,99,Alteromonas_sp_CPC327,K03782
719,K03782,3351_2639762924,0,1332,99,Alteromonas_australica_DE170,K03782
720,K03782,61_TARA_SAMEA2622074_METAG_LMCNBJON,0,1331,99,Alteromonas_australica_SAMEA2622074,K03782
721,K03782,1157_BGEO_SAMN07136710_METAG_AFAMJGBL,0,1331,99,Alteromonas_australica_SAMN07136710,K03782
722,K03782,331_TARA_SAMEA2620217_METAG_KNGANELN,0,1330,99,Alteromonas_australica_SAMEA2620217,K03782
723,K03782,732_TARA_SAMEA2620198_METAG_KLFKEFEP,0,1329,99,Alteromonas_australica_SAMEA2620198,K03782
724,K03782,2620_TARA_SAMEA2620065_METAG_OKKLCHLP,0,1329,99,Alteromonas_australica_SAMEA2620065,K03782
725,K03782,385_TARA_SAMEA2619974_METAG_DFCIFEPC,0,1329,99,DFCIFEPC,K03782
726,K03782,696_GCF_015767655.1,0,1329,99,Alteromonas_sp_B31_7,K03782
727,K03782,3043_2585427644,0,1329,99,Alteromonas_australica_H17,K03782
728,K03782,1807_2802429350,0,1320,99,Alteromonas_sp_ARS20,K03782
729,K03782,3372_GCF_900654235.1,0,1319,99,Alteromonas_sp_76_1,K03782
730,K03782,833_2899561542,0,1319,100,Alteromonas_sp_KS69,K03782
731,K03782,1882_TARA_SAMN05326645_METAG_PSE00118,0,1318,99,Alteromonas_sp_SAMN05326645,K03782
732,K03782,2473_TARA_SAMEA2621779_METAG_DHJPEKIP,0,1318,99,Alteromonas_sp_SAMEA2621779,K03782
733,K03782,3273_2687453500,0,1318,100,Alteromonas_stellipolaris_LMG_21861,K03782
734,K03782,3274_2687453434,0,1318,100,Alteromonas_sp_Mac2,K03782
735,K03782,3302_2687453355,0,1318,100,Alteromonas_sp_Mac1,K03782
736,K03782,3378_2684623167,0,1318,100,Alteromonas_stellipolaris_PQQ_42,K03782
737,K03782,3274_2687453643,0,1316,100,Alteromonas_stellipolaris_R10SW13,K03782
738,K03782,1786_TARA_SAMEA4398193_METAG_IINLEEHA,0,1316,100,Alteromonas_naphthalenivorans_SAMEA4398193,K03782
739,K03782,3379_2687453219,0,1316,100,Alteromonas_stellipolaris_PQQ_44,K03782
740,K03782,439_TARA_SAMEA4398001_METAG_GALICGPG,0,1316,100,Alteromonas_naphthalenivorans_SAMEA4398001,K03782
741,K03782,2675_BGEO_SAMN07136711_METAG_EOPKMDLC,0,1316,100,Alteromonas_naphthalenivorans_SAMN07136711,K03782
742,K03782,2918_TARA_SAMEA4397536_METAG_JOOLCOKF,0,1314,100,Alteromonas_naphthalenivorans_SAMEA4397536,K03782
743,K03782,262_TARA_SAMEA4397516_METAG_ODHMDPHJ,0,1314,100,Alteromonas_naphthalenivorans_SAMEA4397516,K03782
744,K03782,1977_TARA_SAMEA4397278_METAG_MPBNPLCD,0,1314,100,Alteromonas_naphthalenivorans_SAMEA4397278,K03782
745,K03782,158_TARA_SAMEA4397157_METAG_EIKGCICO,0,1314,100,Alteromonas_naphthalenivorans_SAMEA4397157,K03782
746,K03782,1315_TARA_SAMEA4397091_METAG_OHBHGPGP,0,1314,100,Alteromonas_naphthalenivorans_SAMEA4397091,K03782
747,K03782,1226_TARA_SAMEA4397023_METAG_BMLDLMJI,0,1314,100,Alteromonas_naphthalenivorans_SAMEA4397023,K03782
748,K03782,2906_TARA_SAMEA4396515_METAG_LLIFOMKD,0,1314,100,Alteromonas_naphthalenivorans_SAMEA4396515,K03782
749,K03782,177_2504136012,0,1314,100,Alteromonas_naphthalenivorans_SN2,K03782
750,K03782,3910_2885134237,0,1274,99,Alteromonas_sp_KUL49,K03782
751,K03782,2895_TARA_SAMEA2622837_METAG_AJLMAJKC,0,1196,76,Alteromonas_macleodii_SAMEA2622837,K03782
752,K03782,1516_2899565944,0,1166,99,Alteromonas_sediminis_U0105,K03782
753,K03782,333_2721755521,0,1042,99,Alteromonas_sp_RW2A1,K03782
754,K03782,1768_2899554215,0,993,92,Alteromonas_ponticola_MYP5,K03782
755,K03782,3002_2855643116,0,988,93,Alteromonas_confluentis_KCTC_42603,K03782
756,K03782,2870_2841454579,0,988,93,Alteromonas_sp_RKMC_009,K03782
757,K03782,2211_MALA_SAMN05422120_METAG_BOFCDAAO,0,985,93,Alteromonas_confluentis_SAMN05422120,K03782
758,K03782,3052_2834719733,0,983,93,Alteromonas_aestuariivivens_KCTC_52655,K03782
759,K03782,1212_2791355104,0,978,93,Alteromonas_pelagimontana_512,K03782
760,K03782,4168_2844289591,0,966,97,Alteromonas_alba_190,K03782
761,K03782,4391_2834723206,0,965,97,Alteromonas_lipolytica_JW12,K03782
762,K03782,1922_MARD_SAMN10233659_REFG_MMP10233659,0,963,97,Alteromonas_sp_SAMN10233659,K03782
763,K03782,3333_2855655360,0,963,97,Alteromonas_oceani_S35,K03782
764,K03782,1943_TARA_SAMN05326649_METAG_SOC00002,0,963,97,Alteromonas_sp_SAMN05326649,K03782
765,K03782,386_TARA_SAMEA2623314_METAG_DIEBDOOH,0,963,97,Alteromonas_sp_SAMEA2623314,K03782
766,K03782,3526_TARA_SAMEA2622197_METAG_GALLFCOI,0,963,97,Alteromonas_sp_SAMEA2622197,K03782
767,K03782,3836_TARA_SAMEA2621487_METAG_JEJEPAEM,0,963,97,Alteromonas_sp_SAMEA2621487,K03782
768,K03782,1076_TARA_SAMEA2591074_METAG_BGMPHGLH,0,962,97,Alteromonas_sp_SAMEA2591074_BGMPHGLH,K03782
769,K03782,623_TARA_SAMEA2621216_METAG_KOELIADL,0,960,97,Alteromonas_sp_SAMEA2621216,K03782
770,K03782,3023_TARA_SAMEA2623098_METAG_EGJHKEDJ,0,960,97,Alteromonas_sp_SAMEA2623098,K03782
771,K03782,2742_MALA_SAMN05422120_METAG_NDMHKPKD,0,959,97,Alteromonas_sp_SAMN05422120,K03782
772,K03782,2869_TARA_SAMEA2622923_METAG_HGEKPCMK,0,959,97,Alteromonas_sp_SAMEA2622923,K03782
773,K03782,2263_TARA_SAMEA2622219_METAG_IJFLGBIM,0,959,97,Alteromonas_sp_SAMEA2622219,K03782
774,K03782,249_TARA_SAMN05326640_METAG_ANE00087,0,959,97,Alteromonas_sp_SAMN05326640,K03782
775,K03782,1679_TARA_SAMEA2622843_METAG_DPGBJJPG,0,959,97,Alteromonas_sp_SAMEA2622843,K03782
776,K03782,2059_TARA_SAMEA2622801_METAG_IFPFBHNC,0,959,97,Alteromonas_sp_SAMEA2622801,K03782
777,K03782,505_TARA_SAMEA2622765_METAG_KBIKNAHF,0,959,97,Alteromonas_sp_SAMEA2622765,K03782
778,K03782,200_TARA_SAMEA2622737_METAG_KJIKBCNM,0,959,97,Alteromonas_sp_SAMEA2622737,K03782
779,K03782,905_TARA_SAMEA2622733_METAG_NOPBGIBP,0,959,97,Alteromonas_sp_SAMEA2622733,K03782
780,K03782,773_TARA_SAMEA2622716_METAG_LLMPBKJB,0,959,97,Alteromonas_sp_SAMEA2622716,K03782
781,K03782,2520_TARA_SAMEA2622695_METAG_NDMJOCCC,0,959,97,Alteromonas_sp_SAMEA2622695,K03782
782,K03782,1679_TARA_SAMEA2622690_METAG_ILHJBOEO,0,959,97,Alteromonas_sp_SAMEA2622690,K03782
783,K03782,1428_TARA_SAMEA2622677_METAG_JBANDMDG,0,959,97,Alteromonas_sp_SAMEA2622677,K03782
784,K03782,3033_TARA_SAMEA2622658_METAG_OHKNJPFH,0,959,97,Alteromonas_sp_SAMEA2622658,K03782
785,K03782,171_TARA_SAMEA2622652_METAG_NHABKKKL,0,959,97,Alteromonas_sp_SAMEA2622652,K03782
786,K03782,126_TARA_SAMEA2622376_METAG_LCDBHBPD,0,959,97,Alteromonas_sp_SAMEA2622376,K03782
787,K03782,1311_TARA_SAMEA2622149_METAG_PCNPJDCB,0,959,97,Alteromonas_sp_SAMEA2622149,K03782
788,K03782,1316_TARA_SAMEA2622097_METAG_HBPMPIGL,0,959,97,Alteromonas_sp_SAMEA2622097,K03782
789,K03782,1316_TARA_SAMEA2591074_METAG_CINEHBFE,0,947,99,Alteromonas_sp_SAMEA2591074,K03782
790,K03782,1850_2802429358,0,947,99,Alteromonas_sp_MED668,K03782
791,K03782,520_2855647486,0,930,97,Alteromonas_indica_IO390401,K03782
792,K03782,2467_2834719733,0,832,92,Alteromonas_aestuariivivens_KCTC_52655,K03782
793,K03782,1920_2802429352,0,826,86,Alteromonas_sp_CPC291,K03782
794,K03782,332_2721755521,0,824,96,Alteromonas_sp_RW2A1,K03782
795,K03782,1475_TARA_SAMEA2622676_METAG_BIMHMBHP,0,808,84,Alteromonas_sp_SAMEA2622676,K03782
796,K03782,1367_TARA_SAMEA2621839_METAG_MGLIPNEN,0,790,80,Alteromonas_sp_SAMEA2621839,K03782
797,K03782,3078_TARA_SAMEA2621779_METAG_BKOBJOML,0,790,80,Alteromonas_sp_SAMEA2621779_BKOBJOML,K03782
798,K03782,3262_2857284938,0,785,93,Alteromonas_sp_LOR,K03782
799,K03782,450_2751185844,0,785,93,Alteromonas_sp_LTR,K03782
800,K03782,1114_2802429381,0,765,93,Alteromonas_sp_MED681,K03782
801,K03782,2608_2775506997,0,765,93,Alteromonas_sp_MB_3u_76,K03782
802,K03782,2487_2721755521,0,765,93,Alteromonas_sp_RW2A1,K03782
803,K03782,2395_2802429358,0,764,93,Alteromonas_sp_MED668,K03782
804,K03782,2867_MALA_SAMN05422130_METAG_DBLLJBCG,0,763,93,Alteromonas_sp_SAMN05422130,K03782
805,K03782,1442_TARA_SAMEA2620217_METAG_KNGANELN,0,761,95,Alteromonas_australica_SAMEA2620217,K03782
806,K03782,2620_TARA_SAMEA2619974_METAG_DFCIFEPC,0,761,95,DFCIFEPC,K03782
807,K03782,3261_2802429350,0,761,95,Alteromonas_sp_ARS20,K03782
808,K03782,928_2899561542,0,761,92,Alteromonas_sp_KS69,K03782
809,K03782,1393_TARA_SAMN05326644_METAG_PON00061,0,761,95,Alteromonas_australica_SAMN05326644,K03782
810,K03782,1129_TARA_SAMEA2623826_METAG_OCIHHAIO,0,761,95,Alteromonas_australica_SAMEA2623826,K03782
811,K03782,3511_TARA_SAMEA2623314_METAG_DPHFBFLK,0,761,95,Alteromonas_australica_SAMEA2623314,K03782
812,K03782,2081_TARA_SAMEA2623295_METAG_JAJGGAMP,0,761,95,Alteromonas_australica_SAMEA2623295,K03782
813,K03782,1201_TARA_SAMEA2623135_METAG_DJILNNCH,0,761,95,Alteromonas_australica_SAMEA2623135,K03782
814,K03782,2562_TARA_SAMEA2622923_METAG_FFMAPNPA,0,761,95,Alteromonas_australica_SAMEA2622923,K03782
815,K03782,1505_TARA_SAMEA2622801_METAG_LFPDDPPB,0,761,95,Alteromonas_australica_SAMEA2622801,K03782
816,K03782,3336_TARA_SAMEA2622737_METAG_EHIMIIMP,0,761,95,Alteromonas_australica_SAMEA2622737,K03782
817,K03782,3138_TARA_SAMEA2622716_METAG_EODCONKG,0,761,95,Alteromonas_australica_SAMEA2622716,K03782
818,K03782,687_TARA_SAMEA2622696_METAG_FJMHLBNK,0,761,95,Alteromonas_australica_SAMEA2622696,K03782
819,K03782,3054_TARA_SAMEA2622695_METAG_ILPHFPJJ,0,761,95,Alteromonas_australica_SAMEA2622695,K03782
820,K03782,1570_TARA_SAMEA2622690_METAG_DLAHHAJP,0,761,95,Alteromonas_australica_SAMEA2622690,K03782
821,K03782,3376_TARA_SAMEA2622678_METAG_EMNMIPDN,0,761,95,Alteromonas_australica_SAMEA2622678,K03782
822,K03782,3197_TARA_SAMEA2622673_METAG_KABGAJCP,0,761,95,Alteromonas_australica_SAMEA2622673,K03782
823,K03782,1127_TARA_SAMEA2622656_METAG_ONBBOINN,0,761,95,Alteromonas_australica_SAMEA2622656,K03782
824,K03782,3287_TARA_SAMEA2622499_METAG_BNLJGNGC,0,761,95,Alteromonas_australica_SAMEA2622499,K03782
825,K03782,984_TARA_SAMEA2622402_METAG_IKPHBABN,0,761,95,Alteromonas_australica_SAMEA2622402,K03782
826,K03782,1584_TARA_SAMEA2622197_METAG_COANOGOL,0,761,95,COANOGOL,K03782
827,K03782,684_TARA_SAMEA2622149_METAG_IIKHAJAF,0,761,95,Alteromonas_australica_SAMEA2622149,K03782
828,K03782,925_TARA_SAMEA2622119_METAG_AHJCKKBI,0,761,95,Alteromonas_australica_SAMEA2622119,K03782
829,K03782,1787_TARA_SAMEA2622097_METAG_CBGOIALJ,0,761,95,Alteromonas_australica_SAMEA2622097,K03782
830,K03782,197_TARA_SAMEA2622074_METAG_LMCNBJON,0,761,95,Alteromonas_australica_SAMEA2622074,K03782
831,K03782,1356_TARA_SAMEA2621176_METAG_JENGLJNG,0,761,95,Alteromonas_australica_SAMEA2621176,K03782
832,K03782,1391_TARA_SAMEA2621099_METAG_AKPJHAOI,0,761,95,Alteromonas_australica_SAMEA2621099,K03782
833,K03782,3239_TARA_SAMEA2621076_METAG_GINCPJEM,0,761,95,Alteromonas_australica_SAMEA2621076,K03782
834,K03782,1544_TARA_SAMEA2621066_METAG_EHDOKGKK,0,761,95,Alteromonas_australica_SAMEA2621066,K03782
835,K03782,1449_TARA_SAMEA2621045_METAG_OHODKCPK,0,761,95,Alteromonas_australica_SAMEA2621045,K03782
836,K03782,2031_TARA_SAMEA2621037_METAG_BOIEAKJP,0,761,95,Alteromonas_australica_SAMEA2621037,K03782
837,K03782,3514_TARA_SAMEA2621021_METAG_JAJGGMJP,0,761,95,Alteromonas_australica_SAMEA2621021,K03782
838,K03782,3472_2639762924,0,761,95,Alteromonas_australica_DE170,K03782
839,K03782,486_TARA_SAMEA4397278_METAG_MPBNPLCD,0,760,92,Alteromonas_naphthalenivorans_SAMEA4397278,K03782
840,K03782,375_TARA_SAMEA4397157_METAG_EIKGCICO,0,760,92,Alteromonas_naphthalenivorans_SAMEA4397157,K03782
841,K03782,1467_TARA_SAMEA2622823_METAG_PBNJCJBB,0,760,95,Alteromonas_australica_SAMEA2622823,K03782
842,K03782,3050_TARA_SAMEA2591132_METAG_KHLCFNJJ,0,760,95,Alteromonas_australica_SAMEA2591132,K03782
843,K03782,952_BGEO_SAMN07136711_METAG_EOPKMDLC,0,760,92,Alteromonas_naphthalenivorans_SAMN07136711,K03782
844,K03782,1329_BGEO_SAMN07136710_METAG_AFAMJGBL,0,760,95,Alteromonas_australica_SAMN07136710,K03782
845,K03782,3145_2585427644,0,760,95,Alteromonas_australica_H17,K03782
846,K03782,2980_TARA_SAMEA4398193_METAG_IINLEEHA,0,759,92,Alteromonas_naphthalenivorans_SAMEA4398193,K03782
847,K03782,1292_TARA_SAMEA4397536_METAG_JOOLCOKF,0,759,92,Alteromonas_naphthalenivorans_SAMEA4397536,K03782
848,K03782,918_TARA_SAMEA4397091_METAG_OHBHGPGP,0,759,92,Alteromonas_naphthalenivorans_SAMEA4397091,K03782
849,K03782,2998_TARA_SAMEA4397023_METAG_BMLDLMJI,0,759,92,Alteromonas_naphthalenivorans_SAMEA4397023,K03782
850,K03782,2916_TARA_SAMEA4396515_METAG_LLIFOMKD,0,759,92,Alteromonas_naphthalenivorans_SAMEA4396515,K03782
851,K03782,3376_TARA_SAMEA2623513_METAG_PGGKNGAJ,0,759,95,Alteromonas_australica_SAMEA2623513,K03782
852,K03782,1316_TARA_SAMEA2621295_METAG_EFHEAJNM,0,759,95,Alteromonas_australica_SAMEA2621295,K03782
853,K03782,3076_TARA_SAMEA2621232_METAG_LHMCJHIB,0,759,95,Alteromonas_australica_SAMEA2621232,K03782
854,K03782,3175_TARA_SAMEA2621216_METAG_ANKHBPBN,0,759,95,Alteromonas_australica_SAMEA2621216,K03782
855,K03782,2869_TARA_SAMEA2621092_METAG_JEDFGNEM,0,759,95,Alteromonas_australica_SAMEA2621092,K03782
856,K03782,3180_TARA_SAMEA2621020_METAG_DGKNMHLE,0,759,95,Alteromonas_australica_SAMEA2621020,K03782
857,K03782,2904_TARA_SAMEA2621013_METAG_FHBCEPPH,0,759,95,Alteromonas_australica_SAMEA2621013,K03782
858,K03782,3215_TARA_SAMEA2620995_METAG_BFDFBIKP,0,759,95,Alteromonas_australica_SAMEA2620995,K03782
859,K03782,1578_TARA_SAMEA2620882_METAG_GJEPBGGD,0,759,95,Alteromonas_australica_SAMEA2620882,K03782
860,K03782,1066_TARA_SAMEA2621779_METAG_AKPKIDGA,0,759,95,Alteromonas_australica_SAMEA2621779,K03782
861,K03782,2942_TARA_SAMEA2621242_METAG_MFCNHMLF,0,759,95,Alteromonas_australica_SAMEA2621242,K03782
862,K03782,1425_TARA_SAMEA2621155_METAG_BMEOCPIO,0,759,95,Alteromonas_australica_SAMEA2621155,K03782
863,K03782,590_GCF_015767655.1,0,759,95,Alteromonas_sp_B31_7,K03782
864,K03782,465_2802429386,0,759,95,Alteromonas_sp_NP15,K03782
865,K03782,1450_TARA_SAMEA2621044_METAG_NOLHAABM,0,758,95,Alteromonas_australica_SAMEA2621044,K03782
866,K03782,2521_2899550177,0,751,92,Alteromonas_portus_HB161718,K03782
867,K03782,3073_GCF_006517095.1,0,751,95,Alteromonas_mediterranea_PT11,K03782
868,K03782,3369_2687453500,0,751,92,Alteromonas_stellipolaris_LMG_21861,K03782
869,K03782,3475_2684623167,0,751,92,Alteromonas_stellipolaris_PQQ_42,K03782
870,K03782,3389_2684623042,0,751,92,Alteromonas_stellipolaris_LMG21856,K03782
871,K03782,3473_2687453219,0,751,92,Alteromonas_stellipolaris_PQQ_44,K03782
872,K03782,100_MARD_SAMN10134660_REFG_MMP10134660,0,750,92,Alteromonas_sp_SAMN10134660,K03782
873,K03782,2041_GCF_003443615.1,0,750,92,Alteromonas_sp_BL110,K03782
874,K03782,3437_2721755799,0,749,95,Alteromonas_mediterranea_RG65,K03782
875,K03782,3078_2721755798,0,749,95,Alteromonas_mediterranea_CP49,K03782
876,K03782,3058_2721755611,0,749,95,Alteromonas_mediterranea_AR43,K03782
877,K03782,3233_2561511203,0,749,95,Alteromonas_macleodii__Ionian_Sea_U4_,K03782
878,K03782,3276_2554235400,0,749,95,Alteromonas_macleodii__Ionian_Sea_U8_,K03782
879,K03782,3280_2554235399,0,749,95,Alteromonas_macleodii__Ionian_Sea_U7_,K03782
880,K03782,3370_2687453643,0,748,93,Alteromonas_stellipolaris_R10SW13,K03782
881,K03782,3029_2718218105,0,748,95,Alteromonas_mediterranea_CP48,K03782
882,K03782,3200_GCF_009759785.1,0,747,95,Alteromonas_mediterranea_AltCH17,K03782
883,K03782,2974_GCF_006517115.1,0,746,92,Alteromonas_mediterranea_PT15,K03782
884,K03782,3371_2687453434,0,746,92,Alteromonas_sp_Mac2,K03782
885,K03782,3399_2687453355,0,746,92,Alteromonas_sp_Mac1,K03782
886,K03782,3465_GCF_900654235.1,0,745,92,Alteromonas_sp_76_1,K03782
887,K03782,3023_2885134237,0,743,92,Alteromonas_sp_KUL49,K03782
888,K03782,13_2524614846,0,741,92,Alteromonas_sp_ALT199,K03782
889,K03782,84_2504136012,0,741,92,Alteromonas_naphthalenivorans_SN2,K03782
890,K03782,1800_TARA_SAMEA2591074_METAG_BGMPHGLH,0,735,92,Alteromonas_sp_SAMEA2591074_BGMPHGLH,K03782
891,K03782,4136_MALA_SAMN05422120_METAG_NDMHKPKD,0,734,92,Alteromonas_sp_SAMN05422120,K03782
892,K03782,3459_2844289591,0,733,92,Alteromonas_alba_190,K03782
893,K03782,3060_TARA_SAMN05326649_METAG_SOC00002,0,733,92,Alteromonas_sp_SAMN05326649,K03782
894,K03782,2618_TARA_SAMEA2622197_METAG_GALLFCOI,0,733,92,Alteromonas_sp_SAMEA2622197,K03782
895,K03782,953_TARA_SAMEA2621487_METAG_JEJEPAEM,0,733,92,Alteromonas_sp_SAMEA2621487,K03782
896,K03782,291_2902028997,0,727,93,Alteromonas_sp_KUL42,K03782
897,K03782,1057_TARA_SAMEA4398001_METAG_GALICGPG,0,722,89,Alteromonas_naphthalenivorans_SAMEA4398001,K03782
898,K03782,1158_TARA_SAMEA2621132_METAG_LILFEADH,0,719,87,Alteromonas_australica_SAMEA2621132,K03782
899,K03782,1315_TARA_SAMEA2591074_METAG_CINEHBFE,0,708,92,Alteromonas_sp_SAMEA2591074,K03782
900,K03782,1851_2802429358,0,708,92,Alteromonas_sp_MED668,K03782
901,K03782,2954_TARA_SAMEA2622429_METAG_LGIPLECH,0,699,78,Alteromonas_sp_SAMEA2622429,K03782
902,K03782,838_2802429356,0,697,85,Alteromonas_sp_EAC37,K03782
903,K03782,2246_2899554215,0,692,92,Alteromonas_ponticola_MYP5,K03782
904,K03782,1783_TARA_SAMEA2622923_METAG_HGEKPCMK,0,676,83,Alteromonas_sp_SAMEA2622923,K03782
905,K03782,2198_TARA_SAMEA2622048_METAG_IMLALHCJ,0,672,83,Alteromonas_sp_SAMEA2622048,K03782
906,K03782,945_TARA_SAMEA2621204_METAG_JIFCLNHI,0,667,84,Alteromonas_australica_SAMEA2621204,K03782
907,K03782,1346_BGEO_SAMN07136708_METAG_KMOHFEJM,0,628,84,Alteromonas_australica_SAMN07136708,K03782
908,K03782,3018_TARA_SAMEA2622048_METAG_DBDFGENL,0,616,79,Alteromonas_australica_SAMEA2622048,K03782
909,K03782,3447_2561511205,0,563,84,Alteromonas_macleodii__English_Channel_615_,K03782
